,end station name,end station latitude,end station longitude,rides
0,1 Ave & E 110 St,40.7923272,-73.9383,5008
1,1 Ave & E 16 St,40.73221853,-73.98165557,67772
2,1 Ave & E 18 St,40.73381219196632,-73.9805442094803,47415
3,1 Ave & E 30 St,40.74144387,-73.97536082,45786
4,1 Ave & E 44 St,40.75001986,-73.96905301,30081
5,1 Ave & E 62 St,40.761227399999996,-73.96094022,40265
6,1 Ave & E 68 St,40.76500525,-73.95818491,54946
7,1 Ave & E 78 St,40.77140426,-73.9535166,37259
8,1 Ave & E 94 St,40.78172120000001,-73.94594000000001,12909
9,1 Pl & Clinton St,40.6809591,-73.99905709,8147
10,10 Hudson Yards,40.752957,-74.00264,4477
11,10 St & 5 Ave,40.6686273,-73.98700053,6257
12,10 St & 7 Ave,40.666207799999995,-73.98199886,9254
13,11 Ave & W 27 St,40.751396,-74.00522600000001,57617
14,11 Ave & W 41 St,40.76030096,-73.99884222,47685
15,11 Ave & W 59 St,40.771522,-73.99054100000001,47636
16,11 St & 35 Ave,40.76274420000001,-73.9391141,747
17,11 St & 43 Ave,40.7519071,-73.94791190000001,253
18,12 Ave & W 40 St,40.76087502,-74.00277668,89148
19,12 St & 4 Ave,40.668603000000004,-73.99043940000001,4894
20,14 St & 5 Ave,40.666287,-73.98895053,9355
21,14 St & 7 Ave,40.663779,-73.98396846,9362
22,19 St & 24 Ave,40.777455200000006,-73.9225403,2081
23,2 Ave  & E 104 St,40.789210499999996,-73.94370784,3540
24,2 Ave & 36 St - Citi Bike HQ at Industry City,40.65708866668485,-74.00870203971863,6406
25,2 Ave & 9 St,40.6724811,-73.99331394,4027
26,2 Ave & E 104 St,40.789210499999996,-73.94370784,5549
27,2 Ave & E 122 St,40.8006721,-73.9349,1633
28,2 Ave & E 31 St,40.74290902,-73.97706058,41600
29,2 Ave & E 96 St,40.7839636,-73.94716729999999,22026
30,2 Ave & E 99 St,40.786258600000004,-73.94552579,5864
31,21 St & 31 Dr,40.7659,-73.930819,2333
32,21 St & 36 Ave,40.760185299999996,-73.9362726,546
33,21 St & 38 Ave,40.7576314,-73.9391224,373
34,21 St & 43 Ave,40.75052534,-73.94594845,3178
35,21 St & Hoyt Ave S,40.774645,-73.92370600000001,1149
36,21 St & Queens Plaza North,40.75325964,-73.94335788,5733
37,23 Ave & 27 St,40.776165,-73.9153175,1150
38,24 Ave & 26 St,40.774591,-73.918544,1884
39,24 Ave & 29 St,40.7729,-73.91614200000001,1505
40,24 St & 41 Ave,40.752708500000004,-73.9397405,2769
41,27 Ave & 4 St,40.7747175,-73.93378940000001,479
42,27 Ave & 9 St,40.7739825,-73.93091340000001,1102
43,27 St & Hunter St,40.7485,-73.941275,1833
44,28 Ave & 35 St,40.7671,-73.9169858,2761
45,28 St & 36 Ave,40.757186,-73.93271899999999,2598
46,28 St & 38 Ave,40.754876,-73.934326,1875
47,28 St & 40 Ave,40.752575799999995,-73.9364281,962
48,28 St & 41 Ave,40.751047,-73.93796999999999,3707
49,3 Ave & 14 St,40.6685455,-73.99333264,6070
50,3 Ave & E 100 St,40.787721399999995,-73.94728331,3073
51,3 Ave & E 112 St,40.795508,-73.94160600000001,1758
52,3 Ave & E 62 St,40.76312584,-73.96526895,23228
53,3 Ave & E 71 St,40.76873687,-73.96119945,11342
54,3 Ave & E 72 St,40.7699426,-73.96060712,10247
55,3 Ave & E 95 St,40.784596798848916,-73.94968539476396,665
56,3 St & 3 Ave,40.675070500000004,-73.98775226,13607
57,3 St & 7 Ave,40.67038370000001,-73.97839676,12518
58,3 St & Hoyt St,40.6777287,-73.99364123,6305
59,3 St & Prospect Park West,40.668132,-73.97363831,14042
60,30 Ave & 21 St,40.77037429999999,-73.9286078,1263
61,31 Ave & 14 St,40.7682,-73.9322662,1398
62,31 Ave & 30 St,40.7647,-73.9240312,2515
63,31 Ave & 34 St,40.763154,-73.920827,3842
64,31 Ave & Crescent St,40.765834600000005,-73.9265474,2704
65,31 Ave & Steinway St,40.76129389728909,-73.916916847229,1305
66,31 St & 23 Ave,40.7747878,-73.91255509999999,5423
67,31 St & 35 Ave,40.75820464696758,-73.92832159996033,1255
68,31 St & Astoria Blvd,40.76991760000001,-73.91840570000001,5694
69,31 St & Broadway,40.761584,-73.925921,6660
70,31 St & Hoyt Ave N,40.771152799999996,-73.9170074,2652
71,31 St & Northern Blvd,40.75186951421875,-73.93349289894103,891
72,31 St & Thomson Ave,40.74469738,-73.93540375,3681
73,32 St & 30 Ave,40.7664255270288,-73.92062902450563,299
74,333 Johnson TEST 1,0.0,0.0,1
75,34 Ave & 13 St,40.763875299999995,-73.9364848,713
76,34 Ave & 21 St,40.762813799999996,-73.9342862,1705
77,34 Ave & 38 St,40.756913,-73.921631,3900
78,34 St & 35 Ave,40.756933200000006,-73.92622309999999,3392
79,35 Ave & 10 St,40.763154819103725,-73.93985509872438,890
80,35 Ave & 37 St,40.7557327,-73.92366109999999,2757
81,35 St & 34 Ave,40.7580583,-73.92427509999999,1683
82,35 St & Broadway,40.760339,-73.9222427,2222
83,36 Ave & 10 St,40.7614376,-73.9411265,2043
84,37 Ave & 35 St,40.7531106,-73.9279917,2011
85,37 St & 24 Ave,40.7701477,-73.9120938,1762
86,39 St & 2 Ave - Citi Bike HQ at Industry City,40.65539977447831,-74.0106278657913,2126
87,4 Ave & 2 St,40.674613422475815,-73.98501142859459,5865
88,4 Ave & 9 St,40.6705135,-73.98876585,10270
89,40 Ave & 9 St,40.75742,-73.945133,441
90,43 St & Broadway,40.7577284,-73.9166368,2288
91,44 Dr & 21 St,40.748000000000005,-73.94609270000001,3875
92,44 Dr & Jackson Ave,40.74718234,-73.9432635,12399
93,45 Rd & 11 St,40.74708586,-73.94977234,11029
94,46 Ave & 5 St,40.74731,-73.95451,13995
95,47 Ave & 31 St,40.743,-73.93561,4249
96,48 Ave & 30 Pl,40.74128309355993,-73.93725872039794,915
97,48 Ave & 5 St,40.74436328706688,-73.95587325096129,6226
98,49 Ave & 21 St,40.74252,-73.948852,1667
99,5 Ave & 3 St,40.672815500000006,-73.98352355,15171
100,5 Ave & E 103 St,40.792255299999994,-73.95249933,17847
101,5 Ave & E 126 St,40.806979999999996,-73.94174699999999,1681
102,5 Ave & E 29 St,40.7451677,-73.98683077,49997
103,5 Ave & E 63 St,40.766368,-73.971518,21623
104,5 Ave & E 73 St,40.77282817,-73.96685276,48053
105,5 Ave & E 78 St,40.77632142182271,-73.96427392959596,33128
106,5 Ave & E 88 St,40.78307,-73.95939,44952
107,5 Ave & E 93 St,40.785785100000005,-73.957481,15231
108,5 Corners Library,40.73496102000952,-74.05950307846071,1
109,5 St & 51 Ave,40.7423737,-73.9566,871
110,5 St & 6 Ave,40.670483600000004,-73.98208968,6262
111,6 Ave & 12 St,40.666318100000005,-73.9854617,6154
112,6 Ave & 9 St,40.668127,-73.98377641,10735
113,6 Ave & Canal St,40.72243797,-74.00566443,44526
114,6 Ave & Spring St,40.7252556952547,-74.00412082672119,25933
115,6 Ave & W 33 St,40.74901271,-73.98848395,74169
116,6 St & 7 Ave,40.668662700000006,-73.97988067,6553
117,7 Ave & Park Pl,40.67761470000001,-73.97324283,8956
118,7 St & 3 Ave,40.67260298150126,-73.98983001708984,5513
119,7 St & 5 Ave,40.670492200000005,-73.98541675,7792
120,8 Ave & W 16 St,40.740983,-74.00170200000001,34673
121,8 Ave & W 31 St,40.7505853470215,-73.9946848154068,95002
122,8 Ave & W 33 St,40.751551,-73.993934,86846
123,8 Ave & W 52 St,40.76370739,-73.9851615,43409
124,8D Mobile 01,45.50585063876722,-73.56910943984984,65
125,8D Mobile 01,45.506264191001186,-73.56890559196472,65
126,8D OPS 01,40.880920555238774,-73.89660179615021,13
127,8D QC Station 01,45.506364054011385,-73.5694634914398,20
128,9 Ave & W 18 St,40.74317449,-74.00366443,28729
129,9 Ave & W 22 St,40.7454973,-74.00197139,62876
130,9 Ave & W 28 St,40.74937024193277,-73.99923384189607,34761
131,9 Ave & W 45 St,40.76019252,-73.9912551,61092
132,9 St & 44 Rd,40.74966,-73.9521,3021
133,Adam Clayton Powell Blvd & W 115 St,40.802535,-73.9532423,3471
134,Adam Clayton Powell Blvd & W 118 St,40.804372,-73.951475,2523
135,Adam Clayton Powell Blvd & W 123 St,40.8078316,-73.949373,4469
136,Adam Clayton Powell Blvd & W 126 St,40.809495347779475,-73.94776493310928,1460
137,Adelphi St & Myrtle Ave,40.69308257,-73.97178913,15264
138,Adventures NYC,40.77376867022874,-73.97116988897324,58
139,Albany Ave & Fulton St,40.6800105,-73.938475,2575
140,Allen St & Hester St,40.71605866,-73.99190759,43378
141,Allen St & Rivington St,40.72019576,-73.98997825,49811
142,Allen St & Stanton St,40.722055,-73.989111,50265
143,Amsterdam Ave & W 119 St,40.8086249,-73.9596214,5735
144,Amsterdam Ave & W 125 St,40.813358,-73.956461,2840
145,Amsterdam Ave & W 66 St,40.7746671,-73.98470567,16514
146,Amsterdam Ave & W 73 St,40.779668090073116,-73.98093044757842,49409
147,Amsterdam Ave & W 79 St,40.7829391,-73.9786517,27449
148,Amsterdam Ave & W 82 St,40.78524672,-73.97667321,27595
149,Apache,40.669767091850034,-73.99474382400513,3
150,Astor Place,40.71928220070703,-74.07126188278198,1
151,Astoria Park S & Shore Blvd,40.7767,-73.927631,2094
152,Atlantic Ave & Fort Greene Pl,40.68382604,-73.97632328,17070
153,Atlantic Ave & Furman St,40.69165183,-73.99997859999999,21912
154,Avenue D & E 12 St,40.72580614,-73.97422494,10604
155,Avenue D & E 3 St,40.72082834,-73.97793172,21264
156,Avenue D & E 8 St,40.72368361,-73.97574813,15322
157,Baltic St & 5 Ave,40.6795766,-73.97854971,12930
158,Bank St & Hudson St,40.73652889,-74.00618026,41635
159,Bank St & Washington St,40.7361967,-74.00859207,26656
160,Banker St & Meserole Ave,40.72606,-73.95621,15465
161,Barclay St & Church St,40.71291224,-74.01020234,48280
162,Barrow St & Hudson St,40.73172428,-74.00674436,60288
163,Bayard St & Baxter St,40.71602118,-73.99974372,36096
164,Bayard St & Leonard St,40.71915571696044,-73.94885390996933,7058
165,Bedford Ave & Bergen St,40.676368,-73.95291800000001,2995
166,Bedford Ave & Nassau Ave,40.72311651,-73.95212324,27161
167,Bedford Ave & S 9 St,40.70853074,-73.96408963,4084
168,Bergen St & Flatbush Ave,40.680944723477296,-73.97567331790923,13076
169,Bergen St & Smith St,40.686744299999994,-73.99063168,34608
170,Bergen St & Vanderbilt Ave,40.6794388,-73.96804379999999,5582
171,Berkeley Pl & 6 Ave,40.6765304,-73.97846879,8914
172,Berkeley Pl & 7 Ave,40.675146838709786,-73.9752320945263,16263
173,Berry St & N 8 St,40.7190095,-73.95852515,25569
174,Bialystoker Pl & Delancey St,40.71622644,-73.98261206,15434
175,Bike The Branches - Central Branch,40.67280641227746,-73.96886587142943,4
176,Boerum St & Broadway,40.70538077,-73.94976519,5956
177,Bond St & Bergen St,40.6849668,-73.98620772,10976
178,Bond St & Fulton St,40.68962188790333,-73.98304268717766,22487
179,Bond St & Schermerhorn St,40.68807003,-73.98410637,6038
180,Bressler,40.646538367096475,-74.0165877342224,143
181,Broad St & Bridge St,40.70365182,-74.01167797,15552
182,Broadway & 12 St,40.7668,-73.93477740000002,1847
183,Broadway & Battery Pl,40.70463334,-74.01361706,56429
184,Broadway & Berry St,40.71044554,-73.96525063,20129
185,Broadway & E 14 St,40.73454567,-73.99074142,93727
186,Broadway & E 22 St,40.740343200000005,-73.98955109,114480
187,Broadway & Moylan Pl,40.8143256,-73.9590255,6265
188,Broadway & Roebling St,40.70924826276157,-73.96063148975372,15593
189,Broadway & W 122 St,40.8120562,-73.9612547,3660
190,Broadway & W 24 St,40.742354299999995,-73.98915076,33024
191,Broadway & W 25 St,40.74286877312112,-73.98918628692627,40431
192,Broadway & W 29 St,40.7462009,-73.98855723,55814
193,Broadway & W 32 St,40.74854862,-73.98808416,54637
194,Broadway & W 36 St,40.75097711,-73.98765428,41896
195,Broadway & W 37 St,40.75172632,-73.98753523,23964
196,Broadway & W 38 St,40.75299641,-73.98721619,17630
197,Broadway & W 41 St,40.75513557,-73.98658032,70613
198,Broadway & W 49 St,40.76068327096592,-73.98452728986742,58855
199,Broadway & W 51 St,40.76228826,-73.98336183,35494
200,Broadway & W 53 St,40.76344058,-73.98268129,33908
201,Broadway & W 56 St,40.7652654,-73.98192338,46426
202,Broadway & W 58 St,40.76695317,-73.98169333,68647
203,Broadway & W 60 St,40.76915505,-73.98191841,75059
204,Broadway & Whipple St,40.7016657,-73.9437303,8017
205,Brooklyn Bridge Park - Pier 2,40.69878,-73.99712,13404
206,Brunswick St,40.7241765,-74.05065640000001,1
207,Bus Slip & State St,40.701907,-74.013942,24861
208,Bushwick Ave & Powers St,40.71247661,-73.94100005,10286
209,Butler St & Court St,40.6849894,-73.99440329,8959
210,Cadman Plaza E & Red Cross Pl,40.69991755,-73.98971773,21833
211,Cadman Plaza E & Tillary St,40.69597683,-73.99014892,14388
212,Cadman Plaza West & Montague St,40.69383,-73.990539,16774
213,Cambridge Pl & Gates Ave,40.68488,-73.96304,7003
214,Canal St & Rutgers St,40.71427487,-73.98990025,44301
215,Carlton Ave & Dean St,40.68097410000001,-73.97100970000001,4360
216,Carlton Ave & Flushing Ave,40.697787,-73.973736,14369
217,Carlton Ave & Park Ave,40.69580705,-73.97355569,8390
218,Carmine St & 6 Ave,40.73038599,-74.00214988,82865
219,Carroll St & 5 Ave,40.6751622,-73.9814832,11329
220,Carroll St & 6 Ave,40.6740886,-73.9787282,11396
221,Carroll St & Bond St,40.6786115,-73.99037292,10557
222,Carroll St & Columbia St,40.6830456,-74.00348559,9745
223,Carroll St & Franklin Ave,40.6679411,-73.9588,714
224,Carroll St & Smith St,40.680611,-73.99475825,18350
225,Carroll St & Washington Ave,40.6686744,-73.9618148,1241
226,Cathedral Pkwy & Broadway,40.804213,-73.96699104,22843
227,Catherine St & Monroe St,40.71117444,-73.99682619,21278
228,Center Blvd & 48 Ave,40.745038,-73.957539,3406
229,Center Blvd & Borden Ave,40.741609999999994,-73.96044,5423
230,Central Park North & Adam Clayton Powell Blvd,40.799484,-73.955613,40611
231,Central Park S & 6 Ave,40.76590936,-73.97634151,76375
232,Central Park W & W 96 St,40.791270000000004,-73.964839,25861
233,Central Park West & W 100 St,40.793393,-73.96355559999999,11979
234,Central Park West & W 100 St,40.794066608185524,-73.96286845207214,6011
235,Central Park West & W 102 St,40.795346,-73.96186,10422
236,Central Park West & W 68 St,40.7734066,-73.97782542,41132
237,Central Park West & W 72 St,40.77579376683666,-73.97620573639871,49112
238,Central Park West & W 76 St,40.77896784,-73.97374737,28421
239,Central Park West & W 85 St,40.78472675,-73.96961715,37478
240,Centre St & Chambers St,40.71273266,-74.0046073,73547
241,Centre St & Worth St,40.71494807,-74.00234482,26763
242,Cherry St,40.71219906,-73.97948148,17254
243,Christopher St & Greenwich St,40.73291553,-74.00711384,79479
244,City Hall,40.717732500000004,-74.04384499999999,4
245,Clark St & Henry St,40.69760127,-73.99344559,22055
246,Classon Ave & St Marks Ave,40.676519799999994,-73.9596082,4468
247,Clermont Ave & Lafayette Ave,40.68764484,-73.96968902,6904
248,Clermont Ave & Park Ave,40.69573398,-73.97129668,5481
249,Cleveland Pl & Spring St,40.72210378668603,-73.99724900722505,75637
250,Cliff St & Fulton St,40.70823502,-74.00530063,25905
251,Clinton Ave & Flushing Ave,40.69794,-73.96986848,12712
252,Clinton Ave & Myrtle Ave,40.693261,-73.968896,21792
253,Clinton St & 4 Place,40.6783563,-74.00014502,10598
254,Clinton St & Centre St,40.67434,-74.00194698,2379
255,Clinton St & Grand St,40.71559509,-73.9870295,29554
256,Clinton St & Joralemon St,40.69239502,-73.99337909,22279
257,Clinton St & Tillary St,40.696191999999996,-73.991218,14385
258,Clinton St & Union St,40.683116399999996,-73.99785267,10698
259,Coffey St & Conover St,40.677236,-74.015665,5766
260,Columbia Heights & Cranberry St,40.70037867,-73.99548059,6999
261,Columbia St & Degraw St,40.6859296,-74.00242364,11228
262,Columbia St & Kane St,40.68763155,-74.0016256,10763
263,Columbia St & Lorraine St,40.6747055,-74.00755720000001,1384
264,Columbia St & Rivington St,40.71739973,-73.98016555,19031
265,Columbia St & W 9 St,40.6769993,-74.00647134,1633
266,Columbus Ave & W 103 St,40.7969347,-73.9643412291,3601
267,Columbus Ave & W 72 St,40.7770575,-73.97898475,45779
268,Columbus Ave & W 95 St,40.7919557,-73.968087,21675
269,Columbus Drive,40.71835519823214,-74.03891444206238,3
270,Commerce St & Van Brunt St,40.681211700000006,-74.00860912,4190
271,Communipaw & Berry Lane,40.71435836870427,-74.06661093235016,1
272,Concord St & Bridge St,40.69766564,-73.98476437,8057
273,Congress St & Clinton St,40.6881529,-73.99520919,13609
274,Convent Ave & W 129 St,40.81413,-73.953005,45
275,Cooper Square & Astor Pl,40.729514962249496,-73.99075269699097,45426
276,Cooper Square & E 7 St,40.72923649910006,-73.99086803197861,30896
277,Court St & Nelson St,40.6763947,-73.99869893,9351
278,Court St & State St,40.6902375,-73.99203074,22969
279,Crescent St & 30 Ave,40.768692,-73.9249574,3079
280,Crescent St & 34 Ave,40.76108,-73.930562,1343
281,Crescent St & 35 Ave,40.7596276,-73.93214549999999,1834
282,Crescent St & Broadway,40.7633589,-73.92864709999999,3110
283,Crescent St & Ditmars Blvd,40.7787185,-73.9145645,1791
284,Crown St & Bedford Ave,40.666563000000004,-73.95674100000001,547
285,Cumberland St & Lafayette Ave,40.68753406,-73.97265183,12947
286,DeKalb Ave & Hudson Ave,40.689888,-73.981013,30878
287,DeKalb Ave & S Portland Ave,40.68981035,-73.97493121,12967
288,DeKalb Ave & Skillman St,40.6906495,-73.95643107,7372
289,DeKalb Ave & Vanderbilt Ave,40.68940747,-73.96885458,14327
290,Dean St & 4 Ave,40.68312489,-73.97895137,23024
291,Dean St & Franklin Ave,40.67759206937376,-73.95563721656801,901
292,Dean St & Hoyt St,40.686444200000004,-73.98759104,8723
293,Degraw St & Hoyt St,40.68199044270703,-73.99079024791719,5187
294,Degraw St & Smith St,40.6829151,-73.99318208,8189
295,Devoe St & Lorimer St,40.71335226222875,-73.9491033554077,12947
296,Dey St,40.737711,-74.066921,4
297,Ditmars Blvd & 19 St,40.78145,-73.9183302,2540
298,Division Ave & Hooper St,40.70691254,-73.95441667,5946
299,Division Ave & Marcy Ave,40.70708701,-73.95796783,2478
300,Division St & Bowery,40.71413089,-73.99704679999999,32133
301,Dixon Mills,40.72163014263835,-74.04996782541275,2
302,Douglass St & 3 Ave,40.6802133,-73.98432695,12340
303,Douglass St & 4 Ave,40.67927879999999,-73.98154004,10513
304,Driggs Ave & Lorimer St,40.72179134,-73.95041540000001,11198
305,Driggs Ave & N Henry St,40.72325,-73.94308000000001,13954
306,Duane St & Greenwich St,40.71748752,-74.0104554,23356
307,Duffield St & Willoughby St,40.69221589,-73.9842844,16292
308,Dwight St & Van Dyke St,40.67363551341504,-74.01195555925368,2882
309,E 10 St & 5 Ave,40.73331967,-73.99510132,28032
310,E 10 St & Avenue A,40.72740794,-73.98142006,56154
311,E 102 St & 1 Ave,40.7869946,-73.94164802,16355
312,E 102 St & Park Ave,40.7904828,-73.95033068,5964
313,E 103 St & Lexington Ave,40.790305100000005,-73.94755757,9235
314,E 106 St & 1 Ave,40.7892529,-73.93956237,5587
315,E 106 St & Lexington Ave,40.791976,-73.945993,4549
316,E 106 St & Madison Ave,40.79343370000001,-73.94945003,5675
317,E 109 St & 3 Ave,40.79329668,-73.9432083,7311
318,E 11 St & 1 Ave,40.72953837,-73.98426726,45322
319,E 11 St & 2 Ave,40.73047309,-73.98672378,54761
320,E 11 St & Broadway,40.73261787,-73.99158043,27743
321,E 110 St & Madison Ave,40.796153499999996,-73.94782145,12311
322,E 114 St & 1 Ave,40.79456629999999,-73.9362541,1882
323,E 115 St & Lexington Ave,40.797911,-73.9423,2562
324,E 115 St & Madison Ave,40.7989445,-73.944846,2038
325,E 116 St & 2 Ave,40.796879,-73.93726099999999,1813
326,E 118 St & 1 Ave,40.797470000000004,-73.93504,1794
327,E 118 St & 3 Ave,40.799139000000004,-73.9389152,2375
328,E 118 St & Madison Ave,40.801486600000004,-73.9442507,1917
329,E 118 St & Park Ave,40.8005385,-73.9419949,827
330,E 12 St & 3 Ave,40.73223272,-73.98889957,58110
331,E 12 St & Avenue B,40.728048571362606,-73.97881150245668,28097
332,E 123 St & Lexington Ave,40.802926299999996,-73.9379,2334
333,E 128 St & Madison Ave,40.807559999999995,-73.93918199999999,1932
334,E 13 St & Avenue A,40.72955361,-73.98057249,54512
335,E 14 St & Avenue B,40.72938685,-73.97772429,7109
336,E 15 St & 3 Ave,40.734232,-73.986923,56928
337,E 16 St & 5 Ave,40.73726186,-73.99238967,61009
338,E 16 St & Irving Pl,40.735367055605394,-73.98797392845155,38112
339,E 17 St & Broadway,40.73704984,-73.99009296,115256
340,E 19 St & 3 Ave,40.73624527,-73.98473765,37941
341,E 2 St & 2 Ave,40.72502876,-73.99069656,39955
342,E 2 St & Avenue A,40.72307749068673,-73.98583620786667,11373
343,E 2 St & Avenue B,40.72217444,-73.98368779,43954
344,E 2 St & Avenue C,40.720873600000004,-73.98085795,25977
345,E 20 St & 2 Ave,40.73587678,-73.98205027,51875
346,E 20 St & FDR Drive,40.73314259,-73.97573881,45207
347,E 20 St & Park Ave,40.73827428,-73.98751968,47400
348,E 23 St & 1 Ave,40.736502,-73.97809472,53151
349,E 24 St & Park Ave S,40.74096374,-73.98602213,61698
350,E 25 St & 1 Ave,40.7381765,-73.97738662,37794
351,E 25 St & 2 Ave,40.73912601,-73.97973776,53204
352,E 27 St & 1 Ave,40.739445,-73.97680600000001,35540
353,E 3 St & 1 Ave,40.72467721,-73.98783413,26323
354,E 30 St & Park Ave S,40.74444921,-73.98303529,43873
355,E 31 St & 3 Ave,40.74394314,-73.97966069,45562
356,E 32 St & Park Ave,40.745712100000006,-73.98194829,58710
357,E 33 St & 2 Ave,40.744023,-73.976056,60008
358,E 33 St & 5 Ave,40.74765947,-73.98490707,47990
359,E 35 St & 3 Ave,40.746524,-73.977885,30787
360,E 39 St & 2 Ave,40.74780373,-73.97344190000001,52891
361,E 39 St & 3 Ave,40.7489006,-73.97604882,41063
362,E 4 St & 2 Ave,40.726280700000004,-73.98978041,49425
363,E 40 St & 5 Ave,40.752062306999996,-73.9816324043,14771
364,E 41 St & 5 Ave,40.75272201381188,-73.98123621940613,11674
365,E 41 St & Madison Ave,40.752165280621966,-73.97992193698882,34925
366,E 43 St & 5 Ave,40.754120810779256,-73.98025184869765,3888
367,E 44 St & 2 Ave,40.75118387463277,-73.97138714790343,18594
368,E 45 St & 3 Ave,40.75255434,-73.97282625,34045
369,E 47 St & 1 Ave,40.75206862,-73.96784384,18698
370,E 47 St & 2 Ave,40.75323098,-73.97032517,26317
371,E 47 St & Park Ave,40.75510267,-73.97498696,67893
372,E 48 St & 3 Ave,40.7546011026,-73.971878855,23053
373,E 48 St & 5 Ave,40.75724567911726,-73.97805914282799,53008
374,E 5 St & Avenue C,40.72299208,-73.97995466,20970
375,E 51 St & 1 Ave,40.75455731,-73.96592976,20567
376,E 51 St & Lexington Ave,40.75714758,-73.97207836,29719
377,E 52 St & 2 Ave,40.756014,-73.967416,32769
378,E 53 St & 3 Ave,40.75763227739443,-73.9693057537079,27555
379,E 53 St & Madison Ave,40.75971079999999,-73.97402311,32477
380,E 55 St & 2 Ave,40.75797322,-73.96603308,28399
381,E 55 St & 3 Ave,40.758996559605116,-73.96865397691727,38742
382,E 55 St & Lexington Ave,40.75968085,-73.97031366,19945
383,E 58 St & 1 Ave,40.75892386377695,-73.96226227283478,22227
384,E 58 St & 3 Ave,40.76095756,-73.96724467,41560
385,E 58 St & Madison Ave,40.763025942805186,-73.97209525108337,9703
386,E 59 St & Madison Ave,40.76350532,-73.97109243,27082
387,E 6 St & Avenue B,40.72453734,-73.98185424,38596
388,E 6 St & Avenue D,40.72228087,-73.97668709,19458
389,E 60 St & York Ave,40.759107,-73.959223,9413
390,E 65 St & 2 Ave,40.76471851944339,-73.96222069859505,14485
391,E 66 St & Madison Ave,40.768008893059466,-73.96845281124116,8908
392,E 67 St & Park Ave,40.76780080148132,-73.96592080593109,12320
393,E 68 St & 3 Ave,40.76712840349542,-73.96224617958069,12763
394,E 68 St & Madison Ave,40.7691572,-73.96703464,9151
395,E 7 St & Avenue A,40.72621788,-73.98379855,74363
396,E 71 St & 1 Ave,40.76703432309872,-73.95622730255127,20031
397,E 72 St & Park Ave,40.77118287540658,-73.96409422159195,15937
398,E 72 St & York Ave,40.76663814,-73.95348296,28016
399,E 74 St & 1 Ave,40.7689738,-73.95482273,22111
400,E 75 St & 3 Ave,40.77112927,-73.95772297,14243
401,E 76 St & 3 Ave,40.772248537721744,-73.95842134952545,13083
402,E 76 St & Park Ave,40.773763,-73.96222088,15240
403,E 78 St & 2 Ave,40.7727966,-73.95577801,10940
404,E 80 St & 2 Ave,40.77391390238118,-73.9543953537941,12727
405,E 81 St & 2 Ave,40.77477944895728,-73.95427465438844,3063
406,E 81 St & 3 Ave,40.77573034,-73.9567526,16701
407,E 81 St & Park Ave,40.77677702,-73.95900970000001,5830
408,E 81 St & York Ave,40.7728384,-73.94989233,18121
409,E 82 St & East End Ave,40.77246067789397,-73.94682079553606,5317
410,E 82 St & East End Ave,40.7724607,-73.9468208,3808
411,E 84 St & 1 Ave,40.77565541,-73.95068615,12334
412,E 84 St & Park Ave,40.77862688,-73.95772073,16008
413,E 85 St & 3 Ave,40.77801203,-73.95407149,35716
414,E 85 St & York Ave,40.77536905,-73.94803392,16361
415,E 88 St & 1 Ave,40.778301,-73.9488134,16379
416,E 88 St & Park Ave,40.781410700190015,-73.95595908164978,10264
417,E 89 St & 3 Ave,40.7806284,-73.9521667,17220
418,E 89 St & York Ave,40.7779453,-73.94604100000001,13281
419,E 9 St & Avenue C,40.72521311,-73.97768752,34292
420,E 91 St & 2 Ave,40.781122299341654,-73.94965589046478,21830
421,E 91 St & Park Ave,40.7835016,-73.955327,11090
422,E 93 St & 2 Ave,40.78245417527987,-73.94891962409021,6770
423,E 95 St & 3 Ave,40.7849032,-73.950503,6568
424,E 97 St & 3 Ave,40.7859201,-73.94860294,4188
425,E 97 St & Madison Ave,40.787801,-73.953559,17709
426,E 98 St & Lexington Ave,40.787285198609524,-73.95012259483337,731
427,E 98 St & Park Ave,40.788129999999995,-73.95206,568
428,East End Ave & E 86 St,40.77518615,-73.94446054,7600
429,Eastern Pkwy & Franklin Ave,40.670776700000005,-73.9576801,5335
430,Eastern Pkwy & Washington Ave,40.6716493,-73.9631145,3713
431,Eckford St & Engert Ave,40.72146256229816,-73.94800901412964,5504
432,Emerson Pl & Myrtle Ave,40.69363137,-73.96223558,13421
433,Essex Light Rail,40.712774200000005,-74.03648570000001,32
434,Exchange Place,40.7162469,-74.0334588,17
435,Expansion Warehouse 333 Johnson Ave,40.707731483954696,-73.93452286720277,23
436,FDR Drive & E 35 St,40.744219,-73.97121214,43879
437,Flushing Ave & Vanderbilt Ave,40.69795031569544,-73.97077560424805,5365
438,Forsyth St & Broome St,40.71893904,-73.99266288,49351
439,Forsyth St & Canal St,40.715815500000005,-73.99422366,41114
440,Franklin Ave & Empire Blvd,40.663140000000006,-73.96056949999999,4496
441,Franklin Ave & Myrtle Ave,40.694528000000005,-73.958089,1408
442,Franklin Ave & Myrtle Ave,40.694546087246025,-73.95801365375519,4939
443,Franklin Ave & St Marks Ave,40.6758324,-73.95616770000001,4597
444,Franklin St & Dupont St,40.735640000000004,-73.95866,10750
445,Franklin St & W Broadway,40.71911552,-74.00666661,27009
446,Frederick Douglass Blvd & W 112 St,40.801694,-73.957145,9606
447,Frederick Douglass Blvd & W 117 St,40.805159,-73.95469200000001,8755
448,Frederick Douglass Blvd & W 129 St,40.8125511,-73.9492286,2743
449,Front St & Gold St,40.70224,-73.982578,12776
450,Front St & Maiden Ln,40.70530954,-74.00612572,24879
451,Front St & Washington St,40.70255088,-73.98940236,29603
452,Frost St & Meeker St,40.71764,-73.94882,5209
453,Fulton St & Adams St,40.692418292578466,-73.98949474096298,26315
454,Fulton St & Broadway,40.711065999999995,-74.009447,39264
455,Fulton St & Clermont Ave,40.68415748,-73.96922273,7479
456,Fulton St & Grand Ave,40.68223166,-73.9614583,10737
457,Fulton St & Rockwell Pl,40.688226,-73.979382,16054
458,Fulton St & Utica Ave,40.6794268,-73.92989109999999,6891
459,Fulton St & Washington Ave,40.683048,-73.964915,8477
460,Fulton St & Waverly Ave,40.68323865460341,-73.96599590778352,7903
461,Fulton St & William St,40.70955958,-74.00653609,12966
462,GOW Tech Shop,40.66979964220026,-73.99497985839844,16
463,Gansevoort St & Hudson St,40.73944820130404,-74.00507032871245,635
464,Garfield Pl & 8 Ave,40.671197799999995,-73.97484126,9204
465,Gold St & Frankfort St,40.710699946313866,-74.00354146957396,9023
466,Gowanus Tech Station,40.669801930896156,-73.994904756546,7
467,Graham Ave & Conselyea St,40.715143,-73.944507,21272
468,Graham Ave & Grand St,40.711863,-73.944024,9111
469,Graham Ave & Herbert St,40.71929301,-73.94500379,5651
470,Graham Ave & Withers St,40.7169811,-73.94485918,8354
471,Grand Army Plaza & Central Park S,40.764397100000004,-73.97371465,71396
472,Grand Army Plaza & Plaza St West,40.6729679,-73.97087984,23176
473,Grand Ave & Bergen St,40.678045000000004,-73.962408,3976
474,Grand St,40.71517767732029,-74.03768330812454,1
475,Grand St & Elizabeth St,40.718821999999996,-73.99596,65729
476,Grand St & Greene St,40.72165481,-74.00234737,34986
477,Grand St & Havemeyer St,40.71286844,-73.95698119,15179
478,Great Jones St,40.72743423,-73.99379025,77760
479,Greene Ave & Nostrand Ave,40.68833370000001,-73.950916,5080
480,Greene Ave & Throop Ave,40.6894932,-73.942061,5813
481,Greenpoint Ave & Manhattan Ave,40.730259999999994,-73.95394,18583
482,Greenwich Ave & 8 Ave,40.7390169121,-74.0026376103,66734
483,Greenwich Ave & Charles St,40.735238,-74.000271,50413
484,Greenwich St & Hubert St,40.721319,-74.010065,18066
485,Greenwich St & W Houston St,40.728846000000004,-74.00859100000001,54222
486,Grove St PATH,40.71958611647166,-74.0431174635887,12
487,Halsey St & Tompkins Ave,40.682368700000005,-73.944118,7549
488,Hamilton Park,40.727595965999996,-74.044247311,5
489,Hancock St & Bedford Ave,40.68216564,-73.95399026,5607
490,Hanson Pl & Ashland Pl,40.68506807308177,-73.97790759801863,38731
491,Harborsid,40.71925170740989,-74.03423398733139,5
492,Harborside,40.71925170000001,-74.034234,3
493,Harrison St & Hudson St,40.71870987,-74.0090009,20766
494,Heights Elevator,40.748715945380226,-74.04044330120088,3
495,Henry St & Atlantic Ave,40.69089272,-73.99612349,18601
496,Henry St & Bay St,40.672505799999996,-74.00494695,1954
497,Henry St & Degraw St,40.684751399999996,-73.99917254,15519
498,Henry St & Grand St,40.714215,-73.981346,33147
499,Henry St & Poplar St,40.700469,-73.991454,10171
500,Henry St & W 9 St,40.67630357634183,-74.00314047932625,415
501,Henry St & W 9 St,40.6763744,-74.00324957,1205
502,Henry St & W 9 St [old],40.6763744,-74.00324957,163
503,Hicks St & Montague St,40.69512845,-73.99595065,19559
504,Hope St & Union Ave,40.71167351,-73.95141312,14245
505,Howard St & Centre St,40.71910537,-73.99973337,40856
506,Hoyt St & Warren St,40.6843549,-73.98901629,5235
507,Hs Don't Use,40.71925170740989,-74.03423398733139,6
508,Hudson St & Reade St,40.71625008,-74.0091059,27029
509,Humboldt St & Varet St,40.7031724,-73.940636,8422
510,Huron St & Franklin St,40.732659999999996,-73.95826,15769
511,India St & Manhattan Ave,40.73232194,-73.9550858,14992
512,India St & West St,40.73181401720966,-73.95995020866394,6215
513,"Industry City, Building 1 Basement",40.65594917783975,-74.00835871696472,260
514,JC Medical Center,40.71653978099194,-74.0496379137039,7
515,Jackson Ave & 46 Rd,40.74524768,-73.94733276,5808
516,Jackson St & Leonard St,40.716380319735606,-73.94821286201476,2918
517,Jay St & Tech Pl,40.695065,-73.987167,22962
518,Jay St & York St,40.70140317257725,-73.98672670125961,6421
519,Jersey & 6th St,40.72528910781132,-74.04557168483734,2
520,John St & William St,40.70862144,-74.00722156,27030
521,Johnson St & Gold St,40.69474881,-73.98362464,14725
522,Kane St & Clinton St,40.686175799999994,-73.99645295,12211
523,Kent Ave & N 7 St,40.72036775298455,-73.96165072917937,41501
524,Kent Ave & S 11 St,40.7076449441757,-73.96841526031494,17997
525,Kingston Ave & Herkimer St,40.67890679,-73.94142771,5269
526,Kosciuszko St & Nostrand Ave,40.69072549,-73.95133465,5322
527,Kosciuszko St & Tompkins Ave,40.69128258,-73.9452416,5984
528,LPI Facility,0.0,0.0,3
529,LaGuardia Pl & W 3 St,40.72917025,-73.99810231,58396
530,Lafayette Ave & Classon Ave,40.68900443,-73.96023854,12274
531,Lafayette Ave & Fort Greene Pl,40.68691865,-73.976682,17221
532,Lafayette Ave & St James Pl,40.68851534,-73.9647628,10105
533,Lafayette Park,40.71346382669195,-74.06285852193831,1
534,Lafayette St & E 8 St,40.73020660529954,-73.99102628231049,84891
535,Lafayette St & Jersey St,40.72430527250332,-73.99600982666016,64912
536,Laight St & Hudson St,40.72185379,-74.00771779,12602
537,Lawrence St & Willoughby St,40.69236178,-73.98631746,26222
538,Lefferts Pl & Franklin Ave,40.680342423,-73.9557689392,10469
539,Lenox Ave & W 111 St,40.7987859,-73.9523,10397
540,Lenox Ave & W 115 St,40.8011939,-73.9500739,6031
541,Lenox Ave & W 117 St,40.8025566,-73.9490782,926
542,Lenox Ave & W 126 St,40.808442,-73.94520870000001,6780
543,Lenox Ave & W 130 St,40.8107922,-73.9430681,5244
544,Leonard Gordon Park,40.74590996631558,-74.05727148056029,2
545,Leonard St & Boerum St,40.70583339,-73.94644578,4676
546,Leonard St & Church St,40.717571,-74.005549,26488
547,Leonard St & Maujer St,40.71036854235229,-73.94705951213838,8667
548,Leonard St & Nassau Ave,40.7239567849954,-73.94984364509583,2704
549,Lewis Ave & Decatur St,40.6814598,-73.934903,3397
550,Lewis Ave & Kosciuszko St,40.69237074,-73.93705428,5194
551,Lewis Ave & Madison St,40.686312,-73.935775,7094
552,Lexington Ave & Classon Ave,40.68676793,-73.95928168,8656
553,Lexington Ave & E 111 St,40.79541210000001,-73.9441232,2831
554,Lexington Ave & E 120 St,40.8013066,-73.93981670000001,1139
555,Lexington Ave & E 127 St,40.805726,-73.936322,748
556,Lexington Ave & E 24 St,40.74025878,-73.98409214,65237
557,Lexington Ave & E 29 St,40.74311555376486,-73.98215353488922,48088
558,Lexington Ave & E 63 St,40.76440023,-73.96648977,15985
559,Liberty Light Rail,40.711242299999995,-74.0557013,15
560,Liberty St & Broadway,40.70905623,-74.01043382,40073
561,Lincoln Pl & Classon Ave,40.672168299999996,-73.9609,1611
562,Lispenard St & Broadway,40.71939226,-74.00247214,35135
563,Little West St & 1 Pl,40.70569254,-74.01677685,52370
564,Lorimer St & Broadway,40.70411791,-73.94818595,4418
565,MacDougal St & Prince St,40.72710258,-74.00297088,63211
566,MacDougal St & Washington Sq,40.73226398,-73.99852205,36147
567,Macon St & Nostrand Ave,40.6809833854,-73.9500479759,15274
568,Madison Ave & E 120 St,40.80295,-73.942954,1606
569,Madison Ave & E 82 St,40.7781314,-73.96069399,17778
570,Madison Ave & E 99 St,40.78948541553215,-73.9524292945862,8665
571,Madison St & Clinton St,40.71269042,-73.98776323,18031
572,Madison St & Montgomery St,40.713126,-73.984844,17505
573,Maiden Ln & Pearl St,40.70706456,-74.00731853,22620
574,Manila & 1st,40.72165072487999,-74.04288411140442,2
575,Marcus Garvey Blvd & Macon St,40.682601,-73.938037,5252
576,Marcy Ave & Lafayette Ave,40.6900815,-73.94791500000001,3269
577,Marin Light Rail,40.71458403535893,-74.04281705617905,21
578,Market St & Cherry St,40.71076228,-73.99400398,16733
579,McGuinness Blvd & Eagle St,40.73555,-73.95284000000001,14009
580,McKibbin St & Manhattan Ave,40.70510918,-73.94407279,4667
581,Mercer St & Bleecker St,40.72706363348306,-73.99662137031554,52390
582,Mercer St & Spring St,40.72362738,-73.99949601,36116
583,Meserole Ave & Manhattan Ave,40.72708584,-73.95299117,18812
584,Metropolitan Ave & Bedford Ave,40.71534825,-73.96024116,39778
585,Metropolitan Ave & Meeker Ave,40.71413311,-73.95234386,14805
586,Milton St & Franklin St,40.72906,-73.95779,29549
587,Monmouth and 6th,40.72568548362901,-74.0487903356552,1
588,Monroe St & Bedford Ave,40.6851443,-73.95380904,9708
589,Monroe St & Classon Ave,40.684568299999995,-73.95881081,4879
590,Monroe St & Tompkins Ave,40.686203000000006,-73.944694,6335
591,Montgomery St & Franklin Ave,40.666439306870814,-73.96055638790129,502
592,Montgomery St & Franklin Ave OLD,40.6661649,-73.95934840000001,282
593,Montrose Ave & Bushwick Ave,40.70767788,-73.94016171,15258
594,Morningside Ave & W 123 St,40.81,-73.9551508,2918
595,Morningside Dr & Amsterdam Ave,40.81028506306003,-73.95736455917357,1019
596,Morris Canal,40.7124188237569,-74.03852552175522,17
597,Mott St & Prince St,40.72317958,-73.99480012,51243
598,Mt Morris Park W & W 120 St,40.804038,-73.945925,3854
599,Murray St & Greenwich St,40.71485150526252,-74.01122331619263,31337
600,Murray St & West St,40.7149787,-74.013012,34012
601,Myrtle Ave & Lewis Ave,40.69681963,-73.93756926,13310
602,Myrtle Ave & Marcy Ave,40.69539817,-73.94954908,6881
603,Myrtle Ave & St Edwards St,40.69327018,-73.97703874,6492
604,N 11 St & Wythe Ave,40.72153267,-73.95782357,11484
605,N 12 St & Bedford Ave,40.72079821,-73.95484712,14690
606,N 15 St & Wythe Ave,40.724055,-73.955736,8318
607,N 6 St & Bedford Ave,40.71745169,-73.95850939,40934
608,N 8 St & Driggs Ave,40.71774592,-73.95600096,31174
609,NJCU,40.710108700000006,-74.0858489,1
610,NYCBS DEPOT - DELANCEY,40.71644423134479,-73.9823305606842,462
611,NYCBS Depot - 3AV,40.670133282374,-73.99230837821959,2
612,NYCBS Depot - GOW,40.66906013501107,-73.99463653564453,1560
613,NYCBS Depot - GOW Annex,40.66888415753939,-73.99481356143951,1
614,NYCBS Depot - PIT,40.716909780459645,-73.98383796215056,109
615,NYCBS Depot - RIS,40.725208,-73.974724,38
616,NYCBS Depot - STY - Garage 4,40.730380100000005,-73.9747502,741
617,NYCBS Depot BAL - DYR,40.759030082196055,-73.9938586950302,28
618,Nassau Ave & Newell St,40.724812564400175,-73.94752621650694,13346
619,Nassau Ave & Russell St,40.725570000000005,-73.94434,16050
620,Nassau St & Navy St,40.69839895,-73.98068914,8384
621,Newark Ave,40.72152515,-74.046304543,3
622,Newport PATH,40.7272235,-74.03375890000001,23
623,Newport Pkwy,40.728744799999994,-74.03210820000001,12
624,Newton Rd & 44 St,40.7595701,-73.91426779999999,1895
625,Newtown Ave & 23 St,40.7713615,-73.9246145,2553
626,Norfolk St & Broome St,40.7172274,-73.98802084,29285
627,Norman Ave & Leonard St,40.725769967272136,-73.9507395029068,4445
628,Norman Ave & Leonard St - 2,40.725848299999996,-73.95064893,1676
629,North Moore St & Greenwich St,40.72019521437465,-74.0103006362915,10834
630,Nostrand Ave & Myrtle Ave,40.69527008,-73.95238108,3721
631,Old Fulton St,40.70277159,-73.99383605,38315
632,Old Slip & Front St,40.703799200000006,-74.00838676,19066
633,Pacific St & Bedford Ave,40.6777747,-73.9529322,638
634,Pacific St & Classon Ave,40.67919439999999,-73.95879029999999,1635
635,Pacific St & Nevins St,40.6853761,-73.98302136,9269
636,Park Ave & E 124 St,40.8045555,-73.93968609999999,9843
637,Park Ave & Marcus Garvey Blvd,40.698617,-73.941342,3689
638,Park Ave & St Edwards St,40.69608941,-73.97803415,3876
639,Park Pl & Franklin Ave,40.67418060000001,-73.95649470000001,2278
640,Park Pl & Vanderbilt Ave,40.6767,-73.969024,6681
641,Pathmark Depot,40.67233267189711,-73.99706125259401,1
642,Paulus Hook,40.7141454,-74.0335519,30
643,Pearl St & Anchorage Pl,40.70281858,-73.98765762,19778
644,Pearl St & Hanover Square,40.7047177,-74.00926027,24126
645,Peck Slip & Front St,40.707873,-74.00166999999999,37630
646,Perry St & Bleecker St,40.73535398,-74.00483091,22152
647,Pershing Square North,40.751872999999996,-73.97770600000001,162162
648,Pershing Square South,40.751581,-73.97791,52488
649,Picnic Point,40.68512559515415,-74.02535319328308,3463
650,Pier 40 - Hudson River Park,40.7277140777778,-74.01129573583603,54864
651,Pike St & E Broadway,40.71406667,-73.99293911,27115
652,Pike St & Monroe St,40.71173107,-73.99193043,17362
653,Pioneer St & Richards St,40.677774799999995,-74.0094613,3753
654,Pioneer St & Van Brunt St,40.679043,-74.011169,7829
655,Pitt St & Stanton St,40.71926081,-73.98178024,8960
656,Plaza St West & Flatbush Ave,40.675020700000005,-73.97111473,19248
657,Pleasant Ave & E 116 St,40.794987899999995,-73.9333349,6885
658,Pleasant Ave & E 120 St,40.7974772,-73.9311847,1321
659,President St & Henry St,40.6828003,-73.99990419,7876
660,Prospect Park - 5 Year Anniversary Celebration,40.66065236872916,-73.9645904302597,71
661,Prospect Park West & 8 St,40.66514681533792,-73.97637605667114,10846
662,Prospect Pl & 6 Ave,40.6793307,-73.97519523,10249
663,Prospect Pl & Underhill Ave,40.6769694,-73.96579,3547
664,Prototype Lab Motivate Headquarters,40.65659567482039,-74.00849282741547,12
665,Pulaski St & Marcus Garvey Blvd,40.693398200000004,-73.939877,3547
666,Putnam Ave & Nostrand Ave,40.684020000000004,-73.94977,5285
667,Putnam Ave & Throop Ave,40.6851532,-73.94111,6140
668,Queens Plaza North & Crescent St,40.75110165,-73.94073717,22791
669,Railroad Ave & Kay Ave,40.70531194,-73.97100056,2037
670,Reade St & Broadway,40.71450451,-74.00562789,25298
671,Reed St & Van Brunt St,40.6747844,-74.01612847,3363
672,Richards St & Delavan St,40.67943270000001,-74.00785041,3323
673,Richardson St & N Henry St,40.71907891179564,-73.94223690032959,11407
674,Riverside Blvd & W 67 St,40.777507027547976,-73.98888587951659,28182
675,Riverside Dr & W 104 St,40.8013434,-73.97114574390001,13682
676,Riverside Dr & W 72 St,40.780577990103346,-73.98562431335448,27091
677,Riverside Dr & W 78 St,40.78414472,-73.98362492,15942
678,Riverside Dr & W 82 St,40.78720869,-73.98128127,17604
679,Riverside Dr & W 89 St,40.791811715010965,-73.9786022901535,2591
680,Riverside Dr & W 91 St,40.793134809866636,-73.97700369358063,7980
681,Riverview Park,40.7443187,-74.04399090000001,1
682,Rivington St & Chrystie St,40.72110063,-73.99192540000001,29889
683,Rivington St & Ridge St,40.71850211,-73.98329859,19549
684,Roebling St & N 4 St,40.714690000000004,-73.95739,14387
685,Rogers Ave & Sterling St,40.6630619,-73.95387459999999,1563
686,S 3 St & Bedford Ave,40.71260486,-73.96264403,19001
687,S 4 St & Rodney St,40.709340000000005,-73.95608,9744
688,S 4 St & Wythe Ave,40.71285887,-73.96590294,30427
689,S 5 Pl & S 4 St,40.710451,-73.960876,27472
690,S 5 Pl & S 5 St,40.710451,-73.960876,6505
691,S Portland Ave & Hanson Pl,40.68539567,-73.97431458,10624
692,SSP - Basement,0.0,0.0,1
693,Sands St & Navy St,40.699773,-73.979927,5630
694,Schermerhorn St & 3 Ave,40.68680820503432,-73.98036181926726,8732
695,Schermerhorn St & Bond St,40.68841742754083,-73.98451656103134,11563
696,Schermerhorn St & Court St,40.69102925677968,-73.99183362722397,15730
697,Scholes St & Manhattan Ave,40.70870368,-73.9448625,9213
698,Sigourney St & Columbia St,40.67267243410948,-74.00879524648191,3245
699,Sip Ave,40.730742625306576,-74.06378388404845,1
700,Smart Cities Conference,40.71015471094912,-73.98453533649443,62
701,Smith St & 3 St,40.678724200000005,-73.99599099,9971
702,Smith St & 9 St,40.67469570000001,-73.99785768,11125
703,Soissons Landing,40.69231660719192,-74.01486575603484,9292
704,South End Ave & Liberty St,40.711512,-74.01575600000001,76218
705,South St & Gouverneur Ln,40.70355377,-74.00670227,45120
706,South St & Whitehall St,40.70122128,-74.01234218,31555
707,Spruce St & Nassau St,40.71146364,-74.00552427,2132
708,St James Pl & Oliver St,40.71307916,-73.99851193,23138
709,St James Pl & Pearl St,40.71117416,-74.00016545,10871
710,St Johns Pl & Washington Ave,40.6737236,-73.9631611,3831
711,St Marks Pl & 1 Ave,40.72779126,-73.98564945,47743
712,St Marks Pl & 2 Ave,40.7284186,-73.98713956,52628
713,St Nicholas Ave & Manhattan Ave,40.809725,-73.953149,6534
714,St. Nicholas Ave & W 126 St,40.8114323,-73.95187759999999,4274
715,Stagg St & Union Ave,40.70877084,-73.95095259,12998
716,Stanton St & Chrystie St,40.72229346,-73.99147535,46158
717,Stanton St & Mangin St,40.71782143,-73.97628939,15244
718,State St & Smith St,40.68926942,-73.98912867,16973
719,Steinway St & 23 Ave,40.771393700000004,-73.9077436,1693
720,Steinway St & 28 Ave,40.7656251,-73.9136695,2909
721,Sterling Pl & 7 Ave,40.67716489469059,-73.97382795810701,4519
722,Sterling Pl & Bedford Ave,40.672695000000004,-73.954131,2786
723,Sterling St & Bedford Ave,40.6627059,-73.9569115,1236
724,Suffolk St & Stanton St,40.72066442,-73.98517977,47278
725,Sullivan Pl & Bedford Ave,40.6642406,-73.9574686,469
726,Sullivan St & Washington Sq,40.73047747,-73.99906065,49657
727,Throop Ave & Myrtle Ave,40.69622937,-73.94371094,3450
728,Tompkins Ave & Hopkins St,40.69957608,-73.94708417,5510
729,Underhill Ave & Lincoln Pl,40.674012299999994,-73.9671457,4803
730,Underhill Ave & Pacific St,40.6804836,-73.9646795,3882
731,Union Ave & Jackson St,40.7160751,-73.95202900000001,6888
732,Union Ave & N 12 St,40.71924,-73.95241999999999,17390
733,Union Ave & Wallabout St,40.70029511,-73.95032283,3652
734,Union St & 4 Ave,40.6772744,-73.98282002,15100
735,Union St & Bedford Ave,40.6691783,-73.9554162,1248
736,Union St & Nevins St,40.67909799721684,-73.98765474557877,10652
737,University Pl & E 14 St,40.73492695,-73.99200509,79063
738,University Pl & E 8 St,40.73143724085228,-73.99490341544151,45544
739,Van Brunt St & Van Dyke St,40.675832943912894,-74.01472628116608,451
740,Van Brunt St & Wolcott St,40.6773429,-74.01275056,7984
741,Van Dyke St & Van Brunt St,40.67581622522832,-74.01488184928894,3329
742,Van Vorst Park,40.71848892,-74.047726625,5
743,Vernon Blvd & 10 St,40.7671863,-73.9373554,2489
744,Vernon Blvd & 30 Rd,40.770845,-73.93417099999999,2650
745,Vernon Blvd & 31 Ave,40.7692475,-73.93545040000001,1680
746,Vernon Blvd & 41 Rd,40.7552433,-73.94856779999999,1286
747,Vernon Blvd & 47 Rd,40.7449067,-73.9534573,2770
748,Vernon Blvd & 50 Ave,40.74232744,-73.95411749,24742
749,Verona Pl & Fulton St,40.680356084043396,-73.94767910242079,6301
750,Vesey Pl & River Terrace,40.715337899999994,-74.01658354,63821
751,W 100 St & Broadway,40.797372100000004,-73.97041192,19415
752,W 100 St & Manhattan Ave,40.795,-73.9645,12695
753,W 104 St & Amsterdam Ave,40.798993700000004,-73.96621737779999,9283
754,W 106 St & Amsterdam Ave,40.80083629999999,-73.9664492472,11166
755,W 106 St & Central Park West,40.798185600000004,-73.96059090060001,18848
756,W 107 St & Columbus Ave,40.7997568,-73.9621128676,8671
757,W 11 St & 6 Ave,40.73532427,-73.99800419,32412
758,W 110 St & Amsterdam Ave,40.802692,-73.96295,5606
759,W 113 St & Broadway,40.805973,-73.964928,6581
760,W 116 St & Amsterdam Ave,40.8067581,-73.9607082,5314
761,W 116 St & Broadway,40.8082,-73.9641,6519
762,W 12 St & W 4 St,40.73756121181137,-74.00398269295692,2080
763,W 120 St & Claremont Ave,40.8109494,-73.9634,2631
764,W 129 St & Convent Ave,40.81439443791581,-73.95324736833571,1023
765,W 13 St & 5 Ave,40.73543934,-73.99453948,36090
766,W 13 St & 6 Ave,40.73649403,-73.99704374,43349
767,W 13 St & 7 Ave,40.73781509,-73.99994661,31949
768,W 13 St & Hudson St,40.73997354103409,-74.00513872504234,57846
769,W 15 St & 10 Ave,40.742753828659026,-74.00747358798982,32354
770,W 15 St & 7 Ave,40.73935542,-73.99931783,61379
771,W 16 St & 8 Ave,40.74102150900266,-74.001384973526,15997
772,W 16 St & The High Line,40.74334935,-74.00681753,49705
773,W 17 St & 8 Ave,40.74177603,-74.00149746,24205
774,W 17 St & 9 Ave,40.7429489166009,-74.00413691997528,11348
775,W 18 St & 6 Ave,40.73971301,-73.99456405,76739
776,W 18 St & 9 Ave,40.7435337324616,-74.00367558002472,10018
777,W 20 St & 11 Ave,40.746745000000004,-74.007756,85368
778,W 20 St & 7 Ave,40.74238787,-73.99726235,47831
779,W 20 St & 8 Ave,40.74345335,-74.00004031,41669
780,W 21 St & 6 Ave,40.74173969,-73.99415556,111148
781,W 22 St & 10 Ave,40.74691959,-74.00451887,65695
782,W 22 St & 8 Ave,40.74475148,-73.99915362,57619
783,W 24 St & 7 Ave,40.74487634,-73.99529885,66154
784,W 25 St & 6 Ave,40.74395411,-73.99144871,55139
785,W 26 St & 10 Ave,40.749717753,-74.002950346,37035
786,W 26 St & 8 Ave,40.74734825,-73.99723551,50860
787,W 27 St & 10 Ave,40.750181563256824,-74.00218427181244,51046
788,W 27 St & 7 Ave,40.746646999999996,-73.993915,63438
789,W 31 St & 7 Ave,40.749156,-73.9916,73965
790,W 33 St & 7 Ave,40.75019995,-73.99093085,76805
791,W 34 St & 11 Ave,40.75594159,-74.0021163,39363
792,W 36 St & 9 Ave,40.754623240291046,-73.99516761302948,23003
793,W 37 St & 10 Ave,40.75660359,-73.9979009,43215
794,W 37 St & 5 Ave,40.75038009,-73.98338988,37898
795,W 37 St & Broadway,40.752270938374096,-73.98770570755005,6059
796,W 38 St & 8 Ave,40.75466591,-73.99138152,82577
797,W 39 St & 9 Ave,40.75645824,-73.99372222,2269
798,W 4 St & 7 Ave S,40.73401143,-74.00293877,50733
799,W 41 St & 8 Ave,40.75640548,-73.9900262,86204
800,W 42 St & 8 Ave,40.75756989999999,-73.99098507,47009
801,W 42 St & Dyer Ave,40.75898481399634,-73.99379968643187,43570
802,W 43 St & 10 Ave,40.76009437,-73.99461843,34977
803,W 43 St & 6 Ave,40.75527307,-73.98316936,45421
804,W 44 St & 5 Ave,40.75500254,-73.98014437,43630
805,W 45 St & 6 Ave,40.75668720603179,-73.98257732391356,34677
806,W 45 St & 8 Ave,40.75929124,-73.98859651,50413
807,W 46 St & 11 Ave,40.76341379,-73.99667444,39349
808,W 47 St & 10 Ave,40.76269882,-73.99301222,40525
809,W 49 St & 8 Ave,40.76227205,-73.98788205,57655
810,W 52 St & 11 Ave,40.76727216,-73.99392888,38397
811,W 52 St & 5 Ave,40.75992262,-73.97648516,41244
812,W 52 St & 6 Ave,40.76132983124814,-73.97982001304626,64533
813,W 52 St & 9 Ave,40.76461837,-73.98789473,21307
814,W 53 St & 10 Ave,40.76669671,-73.99061728,37519
815,W 54 St & 9 Ave,40.76584941,-73.98690506,29866
816,W 55 St & 6 Ave,40.76309387270797,-73.97835016250609,43646
817,W 56 St & 10 Ave,40.768254,-73.988639,29940
818,W 59 St & 10 Ave,40.770513,-73.988038,25516
819,W 63 St & Broadway,40.77163851,-73.98261428,42266
820,W 64 St & West End Ave,40.77452835,-73.98753759,17994
821,W 67 St & Broadway,40.77492513,-73.98266566,38751
822,W 70 St & Amsterdam Ave,40.77748046,-73.98288594,25722
823,W 74 St & Columbus Ave,40.7785669,-73.97754961,18122
824,W 76 St & Columbus Ave,40.7801839724239,-73.97728532552719,22720
825,W 78 St & Broadway,40.78339981,-73.98093133,20007
826,W 82 St & Central Park West,40.78275,-73.97137,21686
827,W 84 St & Broadway,40.7867947,-73.977112,18937
828,W 84 St & Columbus Ave,40.78499979,-73.97283406,22029
829,W 87 St  & Amsterdam Ave,40.78839,-73.9747,7610
830,W 87 St & Amsterdam Ave,40.78839,-73.9747,10214
831,W 88 St & West End Ave,40.790254173304184,-73.97718340158461,13683
832,W 89 St & Columbus Ave,40.7882213,-73.97041561,17033
833,W 90 St & Amsterdam Ave,40.79017948095081,-73.97288918495178,12125
834,W 92 St & Broadway,40.7921,-73.9739,17201
835,W 95 St & Broadway,40.7937704,-73.971888,22623
836,W Broadway & Spring St,40.72490985,-74.00154702,15013
837,W Broadway & Spring Street,40.72494672359416,-74.00165855884552,25249
838,WS Don't Use,0.0,0.0,2
839,Warren St,40.721123600000006,-74.03805095,7
840,Warren St & Church St,40.71473993,-74.00910627,20028
841,Warren St & Court St,40.686371,-73.99383324,12196
842,Washington Ave & Greene Ave,40.68650065,-73.96563307,8533
843,Washington Ave & Park Ave,40.69610226,-73.96751037,13777
844,Washington Park,40.6917823,-73.97372990000001,10171
845,Washington Pl & 6 Ave,40.73224119,-74.00026394,32016
846,Washington Pl & Broadway,40.72903917,-73.99404649,42175
847,Washington St & Gansevoort St,40.739323,-74.008119,59779
848,Washington Street (Don't Use),0.0,0.0,5
849,Water - Whitehall Plaza,40.70255065,-74.0127234,19348
850,Watts St & Greenwich St,40.72405549,-74.00965965,37805
851,West Drive & Prospect Park West,40.6610633719006,-73.97945255041121,23784
852,West End Ave & W 107 St,40.8021174,-73.9681805305,10101
853,West End Ave & W 94 St,40.7941654,-73.974124,14684
854,West St & Chambers St,40.71754834,-74.01322069,112648
855,West Thames St,40.70834698,-74.01713445,39026
856,William St & Pine St,40.70717936,-74.00887308,21260
857,Willoughby Ave & Hall St,40.69196035,-73.96536851,14523
858,Willoughby Ave & Tompkins Ave,40.69425403,-73.94626915,4921
859,Willoughby Ave & Walworth St,40.69331716,-73.95381995,5219
860,Willoughby St & Fleet St,40.69196566,-73.9813018,23034
861,Wolcott St & Dwight St,40.6753274,-74.0100698,2832
862,Wyckoff St & 3 Ave,40.6827549,-73.98258555,7860
863,Wythe Ave & Metropolitan Ave,40.716887,-73.96319799999999,33979
864,Yankee Ferry Terminal,40.686931,-74.016966,8266
865,York St,40.71649,-74.04105,6
866,York St & Jay St,40.7014851,-73.98656928,25678
