,start station name,start station latitude,start station longitude,rides
0,1 Ave & E 110 St,40.7923272,-73.9383,4887
1,1 Ave & E 16 St,40.73221853,-73.98165557,67529
2,1 Ave & E 18 St,40.73381219196632,-73.9805442094803,47446
3,1 Ave & E 30 St,40.74144387,-73.97536082,45842
4,1 Ave & E 44 St,40.75001986,-73.96905301,29888
5,1 Ave & E 62 St,40.761227399999996,-73.96094022,40229
6,1 Ave & E 68 St,40.76500525,-73.95818491,54699
7,1 Ave & E 78 St,40.77140426,-73.9535166,36908
8,1 Ave & E 94 St,40.78172120000001,-73.94594000000001,12678
9,1 Pl & Clinton St,40.6809591,-73.99905709,8205
10,10 Hudson Yards,40.752957,-74.00264,4433
11,10 St & 5 Ave,40.6686273,-73.98700053,6257
12,10 St & 7 Ave,40.666207799999995,-73.98199886,9901
13,11 Ave & W 27 St,40.751396,-74.00522600000001,54851
14,11 Ave & W 41 St,40.76030096,-73.99884222,47099
15,11 Ave & W 59 St,40.771522,-73.99054100000001,47682
16,11 St & 35 Ave,40.76274420000001,-73.9391141,796
17,11 St & 43 Ave,40.7519071,-73.94791190000001,230
18,12 Ave & W 40 St,40.76087502,-74.00277668,86566
19,12 St & 4 Ave,40.668603000000004,-73.99043940000001,4384
20,14 St & 5 Ave,40.666287,-73.98895053,9329
21,14 St & 7 Ave,40.663779,-73.98396846,10021
22,19 St & 24 Ave,40.777455200000006,-73.9225403,2066
23,2 Ave  & E 104 St,40.789210499999996,-73.94370784,3509
24,2 Ave & 36 St - Citi Bike HQ at Industry City,40.65708866668485,-74.00870203971863,5506
25,2 Ave & 9 St,40.6724811,-73.99331394,3905
26,2 Ave & E 104 St,40.789210499999996,-73.94370784,5527
27,2 Ave & E 122 St,40.8006721,-73.9349,1602
28,2 Ave & E 31 St,40.74290902,-73.97706058,41711
29,2 Ave & E 96 St,40.7839636,-73.94716729999999,21716
30,2 Ave & E 99 St,40.786258600000004,-73.94552579,5781
31,21 St & 31 Dr,40.7659,-73.930819,2291
32,21 St & 36 Ave,40.760185299999996,-73.9362726,568
33,21 St & 38 Ave,40.7576314,-73.9391224,418
34,21 St & 43 Ave,40.75052534,-73.94594845,3151
35,21 St & Hoyt Ave S,40.774645,-73.92370600000001,1136
36,21 St & Queens Plaza North,40.75325964,-73.94335788,5704
37,23 Ave & 27 St,40.776165,-73.9153175,1106
38,24 Ave & 26 St,40.774591,-73.918544,1881
39,24 Ave & 29 St,40.7729,-73.91614200000001,1488
40,24 St & 41 Ave,40.752708500000004,-73.9397405,2752
41,27 Ave & 4 St,40.7747175,-73.93378940000001,401
42,27 Ave & 9 St,40.7739825,-73.93091340000001,1090
43,27 St & Hunter St,40.7485,-73.941275,1803
44,28 Ave & 35 St,40.7671,-73.9169858,2814
45,28 St & 36 Ave,40.757186,-73.93271899999999,2658
46,28 St & 38 Ave,40.754876,-73.934326,1902
47,28 St & 40 Ave,40.752575799999995,-73.9364281,1000
48,28 St & 41 Ave,40.751047,-73.93796999999999,3694
49,3 Ave & 14 St,40.6685455,-73.99333264,5695
50,3 Ave & E 100 St,40.787721399999995,-73.94728331,3042
51,3 Ave & E 112 St,40.795508,-73.94160600000001,1758
52,3 Ave & E 62 St,40.76312584,-73.96526895,23292
53,3 Ave & E 71 St,40.76873687,-73.96119945,11544
54,3 Ave & E 72 St,40.7699426,-73.96060712,10306
55,3 Ave & E 95 St,40.784596798848916,-73.94968539476396,667
56,3 St & 3 Ave,40.675070500000004,-73.98775226,12915
57,3 St & 7 Ave,40.67038370000001,-73.97839676,12963
58,3 St & Hoyt St,40.6777287,-73.99364123,6207
59,3 St & Prospect Park West,40.668132,-73.97363831,16254
60,30 Ave & 21 St,40.77037429999999,-73.9286078,1239
61,31 Ave & 14 St,40.7682,-73.9322662,1381
62,31 Ave & 30 St,40.7647,-73.9240312,2620
63,31 Ave & 34 St,40.763154,-73.920827,3947
64,31 Ave & Crescent St,40.765834600000005,-73.9265474,2746
65,31 Ave & Steinway St,40.76129389728909,-73.916916847229,1315
66,31 St & 23 Ave,40.7747878,-73.91255509999999,5369
67,31 St & 35 Ave,40.75820464696758,-73.92832159996033,1250
68,31 St & Astoria Blvd,40.76991760000001,-73.91840570000001,5723
69,31 St & Broadway,40.761584,-73.925921,7143
70,31 St & Hoyt Ave N,40.771152799999996,-73.9170074,2679
71,31 St & Northern Blvd,40.75186951421875,-73.93349289894103,909
72,31 St & Thomson Ave,40.74469738,-73.93540375,3651
73,32 St & 30 Ave,40.7664255270288,-73.92062902450563,286
74,333 Johnson TEST 1,0.0,0.0,1
75,34 Ave & 13 St,40.763875299999995,-73.9364848,698
76,34 Ave & 21 St,40.762813799999996,-73.9342862,1695
77,34 Ave & 38 St,40.756913,-73.921631,3931
78,34 St & 35 Ave,40.756933200000006,-73.92622309999999,3370
79,35 Ave & 10 St,40.763154819103725,-73.93985509872438,886
80,35 Ave & 37 St,40.7557327,-73.92366109999999,2743
81,35 St & 34 Ave,40.7580583,-73.92427509999999,1688
82,35 St & Broadway,40.760339,-73.9222427,2266
83,36 Ave & 10 St,40.7614376,-73.9411265,2005
84,37 Ave & 35 St,40.7531106,-73.9279917,1978
85,37 St & 24 Ave,40.7701477,-73.9120938,1736
86,39 St & 2 Ave - Citi Bike HQ at Industry City,40.65539977447831,-74.0106278657913,1782
87,4 Ave & 2 St,40.674613422475815,-73.98501142859459,5576
88,4 Ave & 9 St,40.6705135,-73.98876585,9500
89,40 Ave & 9 St,40.75742,-73.945133,410
90,43 St & Broadway,40.7577284,-73.9166368,2279
91,44 Dr & 21 St,40.748000000000005,-73.94609270000001,3782
92,44 Dr & Jackson Ave,40.74718234,-73.9432635,12388
93,45 Rd & 11 St,40.74708586,-73.94977234,10929
94,46 Ave & 5 St,40.74731,-73.95451,13868
95,47 Ave & 31 St,40.743,-73.93561,4234
96,48 Ave & 30 Pl,40.74128309355993,-73.93725872039794,915
97,48 Ave & 5 St,40.74436328706688,-73.95587325096129,6129
98,49 Ave & 21 St,40.74252,-73.948852,1659
99,5 Ave & 3 St,40.672815500000006,-73.98352355,14884
100,5 Ave & E 103 St,40.792255299999994,-73.95249933,17812
101,5 Ave & E 126 St,40.806979999999996,-73.94174699999999,1662
102,5 Ave & E 29 St,40.7451677,-73.98683077,49779
103,5 Ave & E 63 St,40.766368,-73.971518,21523
104,5 Ave & E 73 St,40.77282817,-73.96685276,47840
105,5 Ave & E 78 St,40.77632142182271,-73.96427392959596,33567
106,5 Ave & E 88 St,40.78307,-73.95939,44741
107,5 Ave & E 93 St,40.785785100000005,-73.957481,15332
108,5 St & 51 Ave,40.7423737,-73.9566,862
109,5 St & 6 Ave,40.670483600000004,-73.98208968,6337
110,6 Ave & 12 St,40.666318100000005,-73.9854617,6439
111,6 Ave & 9 St,40.668127,-73.98377641,10979
112,6 Ave & Canal St,40.72243797,-74.00566443,41725
113,6 Ave & Spring St,40.7252556952547,-74.00412082672119,25458
114,6 Ave & W 33 St,40.74901271,-73.98848395,73586
115,6 St & 7 Ave,40.668662700000006,-73.97988067,7174
116,7 Ave & Park Pl,40.67761470000001,-73.97324283,9056
117,7 St & 3 Ave,40.67260298150126,-73.98983001708984,5327
118,7 St & 5 Ave,40.670492200000005,-73.98541675,7683
119,8 Ave & W 16 St,40.740983,-74.00170200000001,34628
120,8 Ave & W 31 St,40.7505853470215,-73.9946848154068,93670
121,8 Ave & W 33 St,40.751551,-73.993934,89656
122,8 Ave & W 52 St,40.76370739,-73.9851615,43917
123,8D Mobile 01,45.50585063876722,-73.56910943984984,66
124,8D Mobile 01,45.506264191001186,-73.56890559196472,65
125,8D OPS 01,40.880920555238774,-73.89660179615021,14
126,8D QC Station 01,45.506364054011385,-73.5694634914398,18
127,9 Ave & W 18 St,40.74317449,-74.00366443,28482
128,9 Ave & W 22 St,40.7454973,-74.00197139,61835
129,9 Ave & W 28 St,40.74937024193277,-73.99923384189607,34496
130,9 Ave & W 45 St,40.76019252,-73.9912551,60812
131,9 St & 44 Rd,40.74966,-73.9521,2979
132,Adam Clayton Powell Blvd & W 115 St,40.802535,-73.9532423,3403
133,Adam Clayton Powell Blvd & W 118 St,40.804372,-73.951475,2459
134,Adam Clayton Powell Blvd & W 123 St,40.8078316,-73.949373,4368
135,Adam Clayton Powell Blvd & W 126 St,40.809495347779475,-73.94776493310928,1354
136,Adelphi St & Myrtle Ave,40.69308257,-73.97178913,15642
137,Adventures NYC,40.77376867022874,-73.97116988897324,69
138,Albany Ave & Fulton St,40.6800105,-73.938475,2666
139,Allen St & Hester St,40.71605866,-73.99190759,43426
140,Allen St & Rivington St,40.72019576,-73.98997825,50161
141,Allen St & Stanton St,40.722055,-73.989111,50213
142,Amsterdam Ave & W 119 St,40.8086249,-73.9596214,6873
143,Amsterdam Ave & W 125 St,40.813358,-73.956461,2427
144,Amsterdam Ave & W 66 St,40.7746671,-73.98470567,16812
145,Amsterdam Ave & W 73 St,40.779668090073116,-73.98093044757842,50738
146,Amsterdam Ave & W 79 St,40.7829391,-73.9786517,28424
147,Amsterdam Ave & W 82 St,40.78524672,-73.97667321,29057
148,Apache,40.669767091850034,-73.99474382400513,3
149,Astoria Park S & Shore Blvd,40.7767,-73.927631,2066
150,Atlantic Ave & Fort Greene Pl,40.68382604,-73.97632328,15734
151,Atlantic Ave & Furman St,40.69165183,-73.99997859999999,20863
152,Avenue D & E 12 St,40.72580614,-73.97422494,12694
153,Avenue D & E 3 St,40.72082834,-73.97793172,20820
154,Avenue D & E 8 St,40.72368361,-73.97574813,15976
155,Baltic St & 5 Ave,40.6795766,-73.97854971,12513
156,Bank St & Hudson St,40.73652889,-74.00618026,41283
157,Bank St & Washington St,40.7361967,-74.00859207,26470
158,Banker St & Meserole Ave,40.72606,-73.95621,15364
159,Barclay St & Church St,40.71291224,-74.01020234,47925
160,Barrow St & Hudson St,40.73172428,-74.00674436,59811
161,Bayard St & Baxter St,40.71602118,-73.99974372,35570
162,Bayard St & Leonard St,40.71915571696044,-73.94885390996933,7068
163,Bedford Ave & Bergen St,40.676368,-73.95291800000001,3031
164,Bedford Ave & Nassau Ave,40.72311651,-73.95212324,26896
165,Bedford Ave & S 9 St,40.70853074,-73.96408963,5353
166,Bergen St & Flatbush Ave,40.680944723477296,-73.97567331790923,13080
167,Bergen St & Smith St,40.686744299999994,-73.99063168,33852
168,Bergen St & Vanderbilt Ave,40.6794388,-73.96804379999999,5797
169,Berkeley Pl & 6 Ave,40.6765304,-73.97846879,8726
170,Berkeley Pl & 7 Ave,40.675146838709786,-73.9752320945263,16277
171,Berry St & N 8 St,40.7190095,-73.95852515,25380
172,Bialystoker Pl & Delancey St,40.71622644,-73.98261206,20532
173,Boerum St & Broadway,40.70538077,-73.94976519,5899
174,Bond St & Bergen St,40.6849668,-73.98620772,10774
175,Bond St & Fulton St,40.68962188790333,-73.98304268717766,18355
176,Bond St & Schermerhorn St,40.68807003,-73.98410637,6007
177,Bressler,40.646538367096475,-74.0165877342224,143
178,Broad St & Bridge St,40.70365182,-74.01167797,15366
179,Broadway & 12 St,40.7668,-73.93477740000002,1857
180,Broadway & Battery Pl,40.70463334,-74.01361706,46586
181,Broadway & Berry St,40.71044554,-73.96525063,20948
182,Broadway & E 14 St,40.73454567,-73.99074142,93338
183,Broadway & E 22 St,40.740343200000005,-73.98955109,108651
184,Broadway & Moylan Pl,40.8143256,-73.9590255,6121
185,Broadway & Roebling St,40.70924826276157,-73.96063148975372,16140
186,Broadway & W 122 St,40.8120562,-73.9612547,4019
187,Broadway & W 24 St,40.742354299999995,-73.98915076,33460
188,Broadway & W 25 St,40.74286877312112,-73.98918628692627,40956
189,Broadway & W 29 St,40.7462009,-73.98855723,55875
190,Broadway & W 32 St,40.74854862,-73.98808416,55157
191,Broadway & W 36 St,40.75097711,-73.98765428,42131
192,Broadway & W 37 St,40.75172632,-73.98753523,24054
193,Broadway & W 38 St,40.75299641,-73.98721619,17768
194,Broadway & W 41 St,40.75513557,-73.98658032,70531
195,Broadway & W 49 St,40.76068327096592,-73.98452728986742,59016
196,Broadway & W 51 St,40.76228826,-73.98336183,35653
197,Broadway & W 53 St,40.76344058,-73.98268129,35956
198,Broadway & W 56 St,40.7652654,-73.98192338,48037
199,Broadway & W 58 St,40.76695317,-73.98169333,70077
200,Broadway & W 60 St,40.76915505,-73.98191841,78890
201,Broadway & Whipple St,40.7016657,-73.9437303,7805
202,Brooklyn Bridge Park - Pier 2,40.69878,-73.99712,13271
203,Bus Slip & State St,40.701907,-74.013942,24773
204,Bushwick Ave & Powers St,40.71247661,-73.94100005,10458
205,Butler St & Court St,40.6849894,-73.99440329,8867
206,Cadman Plaza E & Red Cross Pl,40.69991755,-73.98971773,22026
207,Cadman Plaza E & Tillary St,40.69597683,-73.99014892,14694
208,Cadman Plaza West & Montague St,40.69383,-73.990539,18311
209,Cambridge Pl & Gates Ave,40.68488,-73.96304,6985
210,Canal St & Rutgers St,40.71427487,-73.98990025,44187
211,Carlton Ave & Dean St,40.68097410000001,-73.97100970000001,4355
212,Carlton Ave & Flushing Ave,40.697787,-73.973736,13346
213,Carlton Ave & Park Ave,40.69580705,-73.97355569,8550
214,Carmine St & 6 Ave,40.73038599,-74.00214988,81173
215,Carroll St & 5 Ave,40.6751622,-73.9814832,10958
216,Carroll St & 6 Ave,40.6740886,-73.9787282,11393
217,Carroll St & Bond St,40.6786115,-73.99037292,10404
218,Carroll St & Columbia St,40.6830456,-74.00348559,9452
219,Carroll St & Franklin Ave,40.6679411,-73.9588,703
220,Carroll St & Smith St,40.680611,-73.99475825,18209
221,Carroll St & Washington Ave,40.6686744,-73.9618148,1274
222,Cathedral Pkwy & Broadway,40.804213,-73.96699104,24379
223,Catherine St & Monroe St,40.71117444,-73.99682619,20874
224,Center Blvd & 48 Ave,40.745038,-73.957539,3369
225,Center Blvd & Borden Ave,40.741609999999994,-73.96044,5399
226,Central Park North & Adam Clayton Powell Blvd,40.799484,-73.955613,39523
227,Central Park S & 6 Ave,40.76590936,-73.97634151,77182
228,Central Park W & W 96 St,40.791270000000004,-73.964839,29280
229,Central Park West & W 100 St,40.793393,-73.96355559999999,12471
230,Central Park West & W 100 St,40.794066608185524,-73.96286845207214,6362
231,Central Park West & W 102 St,40.795346,-73.96186,11253
232,Central Park West & W 68 St,40.7734066,-73.97782542,45182
233,Central Park West & W 72 St,40.77579376683666,-73.97620573639871,51675
234,Central Park West & W 76 St,40.77896784,-73.97374737,30472
235,Central Park West & W 85 St,40.78472675,-73.96961715,38956
236,Centre St & Chambers St,40.71273266,-74.0046073,73423
237,Centre St & Worth St,40.71494807,-74.00234482,26526
238,Cherry St,40.71219906,-73.97948148,17335
239,Christopher St & Greenwich St,40.73291553,-74.00711384,78509
240,Clark St & Henry St,40.69760127,-73.99344559,27397
241,Classon Ave & St Marks Ave,40.676519799999994,-73.9596082,4735
242,Clermont Ave & Lafayette Ave,40.68764484,-73.96968902,8702
243,Clermont Ave & Park Ave,40.69573398,-73.97129668,6055
244,Cleveland Pl & Spring St,40.72210378668603,-73.99724900722505,75494
245,Cliff St & Fulton St,40.70823502,-74.00530063,25721
246,Clinton Ave & Flushing Ave,40.69794,-73.96986848,11404
247,Clinton Ave & Myrtle Ave,40.693261,-73.968896,22029
248,Clinton St & 4 Place,40.6783563,-74.00014502,10584
249,Clinton St & Centre St,40.67434,-74.00194698,2142
250,Clinton St & Grand St,40.71559509,-73.9870295,29497
251,Clinton St & Joralemon St,40.69239502,-73.99337909,22191
252,Clinton St & Tillary St,40.696191999999996,-73.991218,14633
253,Clinton St & Union St,40.683116399999996,-73.99785267,10699
254,Coffey St & Conover St,40.677236,-74.015665,5464
255,Columbia Heights & Cranberry St,40.70037867,-73.99548059,8425
256,Columbia St & Degraw St,40.6859296,-74.00242364,10899
257,Columbia St & Kane St,40.68763155,-74.0016256,10534
258,Columbia St & Lorraine St,40.6747055,-74.00755720000001,976
259,Columbia St & Rivington St,40.71739973,-73.98016555,19369
260,Columbia St & W 9 St,40.6769993,-74.00647134,1308
261,Columbus Ave & W 103 St,40.7969347,-73.9643412291,4868
262,Columbus Ave & W 72 St,40.7770575,-73.97898475,59768
263,Columbus Ave & W 95 St,40.7919557,-73.968087,23952
264,Commerce St & Van Brunt St,40.681211700000006,-74.00860912,3784
265,Concord St & Bridge St,40.69766564,-73.98476437,8323
266,Congress St & Clinton St,40.6881529,-73.99520919,13496
267,Convent Ave & W 129 St,40.81413,-73.953005,41
268,Cooper Square & Astor Pl,40.729514962249496,-73.99075269699097,43628
269,Cooper Square & E 7 St,40.72923649910006,-73.99086803197861,31925
270,Court St & Nelson St,40.6763947,-73.99869893,9103
271,Court St & State St,40.6902375,-73.99203074,22789
272,Crescent St & 30 Ave,40.768692,-73.9249574,3028
273,Crescent St & 34 Ave,40.76108,-73.930562,1330
274,Crescent St & 35 Ave,40.7596276,-73.93214549999999,1880
275,Crescent St & Broadway,40.7633589,-73.92864709999999,3189
276,Crescent St & Ditmars Blvd,40.7787185,-73.9145645,1752
277,Crown St & Bedford Ave,40.666563000000004,-73.95674100000001,520
278,Cumberland St & Lafayette Ave,40.68753406,-73.97265183,14489
279,DeKalb Ave & Hudson Ave,40.689888,-73.981013,21579
280,DeKalb Ave & S Portland Ave,40.68981035,-73.97493121,13815
281,DeKalb Ave & Skillman St,40.6906495,-73.95643107,7962
282,DeKalb Ave & Vanderbilt Ave,40.68940747,-73.96885458,17761
283,Dean St & 4 Ave,40.68312489,-73.97895137,23218
284,Dean St & Franklin Ave,40.67759206937376,-73.95563721656801,904
285,Dean St & Hoyt St,40.686444200000004,-73.98759104,8551
286,Degraw St & Hoyt St,40.68199044270703,-73.99079024791719,5112
287,Degraw St & Smith St,40.6829151,-73.99318208,8104
288,Devoe St & Lorimer St,40.71335226222875,-73.9491033554077,12930
289,Ditmars Blvd & 19 St,40.78145,-73.9183302,2523
290,Division Ave & Hooper St,40.70691254,-73.95441667,6047
291,Division Ave & Marcy Ave,40.70708701,-73.95796783,2610
292,Division St & Bowery,40.71413089,-73.99704679999999,31237
293,Douglass St & 3 Ave,40.6802133,-73.98432695,11860
294,Douglass St & 4 Ave,40.67927879999999,-73.98154004,10097
295,Driggs Ave & Lorimer St,40.72179134,-73.95041540000001,11220
296,Driggs Ave & N Henry St,40.72325,-73.94308000000001,14000
297,Duane St & Greenwich St,40.71748752,-74.0104554,23224
298,Duffield St & Willoughby St,40.69221589,-73.9842844,16267
299,Dwight St & Van Dyke St,40.67363551341504,-74.01195555925368,2334
300,E 10 St & 5 Ave,40.73331967,-73.99510132,27690
301,E 10 St & Avenue A,40.72740794,-73.98142006,52371
302,E 102 St & 1 Ave,40.7869946,-73.94164802,16229
303,E 102 St & Park Ave,40.7904828,-73.95033068,5896
304,E 103 St & Lexington Ave,40.790305100000005,-73.94755757,9091
305,E 106 St & 1 Ave,40.7892529,-73.93956237,5486
306,E 106 St & Lexington Ave,40.791976,-73.945993,4474
307,E 106 St & Madison Ave,40.79343370000001,-73.94945003,5614
308,E 109 St & 3 Ave,40.79329668,-73.9432083,7271
309,E 11 St & 1 Ave,40.72953837,-73.98426726,44979
310,E 11 St & 2 Ave,40.73047309,-73.98672378,53837
311,E 11 St & Broadway,40.73261787,-73.99158043,27783
312,E 110 St & Madison Ave,40.796153499999996,-73.94782145,12189
313,E 114 St & 1 Ave,40.79456629999999,-73.9362541,1819
314,E 115 St & Lexington Ave,40.797911,-73.9423,2535
315,E 115 St & Madison Ave,40.7989445,-73.944846,1992
316,E 116 St & 2 Ave,40.796879,-73.93726099999999,1815
317,E 118 St & 1 Ave,40.797470000000004,-73.93504,1759
318,E 118 St & 3 Ave,40.799139000000004,-73.9389152,2355
319,E 118 St & Madison Ave,40.801486600000004,-73.9442507,1926
320,E 118 St & Park Ave,40.8005385,-73.9419949,819
321,E 12 St & 3 Ave,40.73223272,-73.98889957,57546
322,E 12 St & Avenue B,40.728048571362606,-73.97881150245668,25649
323,E 123 St & Lexington Ave,40.802926299999996,-73.9379,2264
324,E 128 St & Madison Ave,40.807559999999995,-73.93918199999999,1890
325,E 13 St & Avenue A,40.72955361,-73.98057249,55954
326,E 14 St & Avenue B,40.72938685,-73.97772429,6705
327,E 15 St & 3 Ave,40.734232,-73.986923,56861
328,E 16 St & 5 Ave,40.73726186,-73.99238967,59673
329,E 16 St & Irving Pl,40.735367055605394,-73.98797392845155,37926
330,E 17 St & Broadway,40.73704984,-73.99009296,111466
331,E 19 St & 3 Ave,40.73624527,-73.98473765,37850
332,E 2 St & 2 Ave,40.72502876,-73.99069656,39174
333,E 2 St & Avenue A,40.72307749068673,-73.98583620786667,11245
334,E 2 St & Avenue B,40.72217444,-73.98368779,43132
335,E 2 St & Avenue C,40.720873600000004,-73.98085795,25391
336,E 20 St & 2 Ave,40.73587678,-73.98205027,51979
337,E 20 St & FDR Drive,40.73314259,-73.97573881,49302
338,E 20 St & Park Ave,40.73827428,-73.98751968,47359
339,E 23 St & 1 Ave,40.736502,-73.97809472,53132
340,E 24 St & Park Ave S,40.74096374,-73.98602213,61327
341,E 25 St & 1 Ave,40.7381765,-73.97738662,37840
342,E 25 St & 2 Ave,40.73912601,-73.97973776,53536
343,E 27 St & 1 Ave,40.739445,-73.97680600000001,35805
344,E 3 St & 1 Ave,40.72467721,-73.98783413,26350
345,E 30 St & Park Ave S,40.74444921,-73.98303529,43760
346,E 31 St & 3 Ave,40.74394314,-73.97966069,45580
347,E 32 St & Park Ave,40.745712100000006,-73.98194829,58997
348,E 33 St & 2 Ave,40.744023,-73.976056,60315
349,E 33 St & 5 Ave,40.74765947,-73.98490707,48106
350,E 35 St & 3 Ave,40.746524,-73.977885,30829
351,E 39 St & 2 Ave,40.74780373,-73.97344190000001,52893
352,E 39 St & 3 Ave,40.7489006,-73.97604882,41142
353,E 4 St & 2 Ave,40.726280700000004,-73.98978041,48809
354,E 40 St & 5 Ave,40.752062306999996,-73.9816324043,15179
355,E 41 St & 5 Ave,40.75272201381188,-73.98123621940613,12077
356,E 41 St & Madison Ave,40.752165280621966,-73.97992193698882,34929
357,E 43 St & 5 Ave,40.754120810779256,-73.98025184869765,3904
358,E 44 St & 2 Ave,40.75118387463277,-73.97138714790343,18444
359,E 45 St & 3 Ave,40.75255434,-73.97282625,34072
360,E 47 St & 1 Ave,40.75206862,-73.96784384,18505
361,E 47 St & 2 Ave,40.75323098,-73.97032517,26604
362,E 47 St & Park Ave,40.75510267,-73.97498696,68395
363,E 48 St & 3 Ave,40.7546011026,-73.971878855,22907
364,E 48 St & 5 Ave,40.75724567911726,-73.97805914282799,52908
365,E 5 St & Avenue C,40.72299208,-73.97995466,20344
366,E 51 St & 1 Ave,40.75455731,-73.96592976,20456
367,E 51 St & Lexington Ave,40.75714758,-73.97207836,29743
368,E 52 St & 2 Ave,40.756014,-73.967416,32727
369,E 53 St & 3 Ave,40.75763227739443,-73.9693057537079,27474
370,E 53 St & Madison Ave,40.75971079999999,-73.97402311,31750
371,E 55 St & 2 Ave,40.75797322,-73.96603308,28457
372,E 55 St & 3 Ave,40.758996559605116,-73.96865397691727,38309
373,E 55 St & Lexington Ave,40.75968085,-73.97031366,19856
374,E 58 St & 1 Ave,40.75892386377695,-73.96226227283478,22170
375,E 58 St & 3 Ave,40.76095756,-73.96724467,41404
376,E 58 St & Madison Ave,40.763025942805186,-73.97209525108337,9509
377,E 59 St & Madison Ave,40.76350532,-73.97109243,27004
378,E 6 St & Avenue B,40.72453734,-73.98185424,37857
379,E 6 St & Avenue D,40.72228087,-73.97668709,19341
380,E 60 St & York Ave,40.759107,-73.959223,9385
381,E 65 St & 2 Ave,40.76471851944339,-73.96222069859505,14544
382,E 66 St & Madison Ave,40.768008893059466,-73.96845281124116,8931
383,E 67 St & Park Ave,40.76780080148132,-73.96592080593109,12393
384,E 68 St & 3 Ave,40.76712840349542,-73.96224617958069,12821
385,E 68 St & Madison Ave,40.7691572,-73.96703464,9280
386,E 7 St & Avenue A,40.72621788,-73.98379855,70847
387,E 71 St & 1 Ave,40.76703432309872,-73.95622730255127,19943
388,E 72 St & Park Ave,40.77118287540658,-73.96409422159195,16413
389,E 72 St & York Ave,40.76663814,-73.95348296,27875
390,E 74 St & 1 Ave,40.7689738,-73.95482273,22007
391,E 75 St & 3 Ave,40.77112927,-73.95772297,14281
392,E 76 St & 3 Ave,40.772248537721744,-73.95842134952545,13072
393,E 76 St & Park Ave,40.773763,-73.96222088,15274
394,E 78 St & 2 Ave,40.7727966,-73.95577801,10947
395,E 80 St & 2 Ave,40.77391390238118,-73.9543953537941,12843
396,E 81 St & 2 Ave,40.77477944895728,-73.95427465438844,3044
397,E 81 St & 3 Ave,40.77573034,-73.9567526,16914
398,E 81 St & Park Ave,40.77677702,-73.95900970000001,6212
399,E 81 St & York Ave,40.7728384,-73.94989233,18146
400,E 82 St & East End Ave,40.77246067789397,-73.94682079553606,5289
401,E 82 St & East End Ave,40.7724607,-73.9468208,3784
402,E 84 St & 1 Ave,40.77565541,-73.95068615,12268
403,E 84 St & Park Ave,40.77862688,-73.95772073,16837
404,E 85 St & 3 Ave,40.77801203,-73.95407149,35663
405,E 85 St & York Ave,40.77536905,-73.94803392,16375
406,E 88 St & 1 Ave,40.778301,-73.9488134,16231
407,E 88 St & Park Ave,40.781410700190015,-73.95595908164978,10317
408,E 89 St & 3 Ave,40.7806284,-73.9521667,17209
409,E 89 St & York Ave,40.7779453,-73.94604100000001,13266
410,E 9 St & Avenue C,40.72521311,-73.97768752,35468
411,E 91 St & 2 Ave,40.781122299341654,-73.94965589046478,21576
412,E 91 St & Park Ave,40.7835016,-73.955327,11219
413,E 93 St & 2 Ave,40.78245417527987,-73.94891962409021,6715
414,E 95 St & 3 Ave,40.7849032,-73.950503,6552
415,E 97 St & 3 Ave,40.7859201,-73.94860294,4133
416,E 97 St & Madison Ave,40.787801,-73.953559,17712
417,E 98 St & Lexington Ave,40.787285198609524,-73.95012259483337,732
418,E 98 St & Park Ave,40.788129999999995,-73.95206,563
419,East End Ave & E 86 St,40.77518615,-73.94446054,7591
420,Eastern Pkwy & Franklin Ave,40.670776700000005,-73.9576801,5410
421,Eastern Pkwy & Washington Ave,40.6716493,-73.9631145,4103
422,Eckford St & Engert Ave,40.72146256229816,-73.94800901412964,5537
423,Emerson Pl & Myrtle Ave,40.69363137,-73.96223558,13605
424,Expansion Tech Station,40.669801930896156,-73.994904756546,2
425,Expansion Warehouse 333 Johnson Ave,40.707731483954696,-73.93452286720277,11
426,FDR Drive & E 35 St,40.744219,-73.97121214,45191
427,Flushing Ave & Vanderbilt Ave,40.69795031569544,-73.97077560424805,4726
428,Forsyth St & Broome St,40.71893904,-73.99266288,48925
429,Forsyth St & Canal St,40.715815500000005,-73.99422366,40754
430,Franklin Ave & Empire Blvd,40.663140000000006,-73.96056949999999,4256
431,Franklin Ave & Myrtle Ave,40.694528000000005,-73.958089,1422
432,Franklin Ave & Myrtle Ave,40.694546087246025,-73.95801365375519,5119
433,Franklin Ave & St Marks Ave,40.6758324,-73.95616770000001,4660
434,Franklin St & Dupont St,40.735640000000004,-73.95866,10679
435,Franklin St & W Broadway,40.71911552,-74.00666661,26593
436,Frederick Douglass Blvd & W 112 St,40.801694,-73.957145,9395
437,Frederick Douglass Blvd & W 117 St,40.805159,-73.95469200000001,8256
438,Frederick Douglass Blvd & W 129 St,40.8125511,-73.9492286,2670
439,Front St & Gold St,40.70224,-73.982578,11700
440,Front St & Maiden Ln,40.70530954,-74.00612572,24515
441,Front St & Washington St,40.70255088,-73.98940236,27895
442,Frost St & Meeker St,40.71764,-73.94882,5272
443,Fulton St & Adams St,40.692418292578466,-73.98949474096298,26504
444,Fulton St & Broadway,40.711065999999995,-74.009447,39163
445,Fulton St & Clermont Ave,40.68415748,-73.96922273,8724
446,Fulton St & Grand Ave,40.68223166,-73.9614583,11606
447,Fulton St & Rockwell Pl,40.688226,-73.979382,12707
448,Fulton St & Utica Ave,40.6794268,-73.92989109999999,6808
449,Fulton St & Washington Ave,40.683048,-73.964915,8457
450,Fulton St & Waverly Ave,40.68323865460341,-73.96599590778352,7991
451,Fulton St & William St,40.70955958,-74.00653609,12963
452,GOW Tech Shop,40.66979964220026,-73.99497985839844,13
453,Gansevoort St & Hudson St,40.73944820130404,-74.00507032871245,621
454,Garfield Pl & 8 Ave,40.671197799999995,-73.97484126,9637
455,Gold St & Frankfort St,40.710699946313866,-74.00354146957396,8989
456,Gowanus Tech Station,40.669801930896156,-73.994904756546,7
457,Graham Ave & Conselyea St,40.715143,-73.944507,21405
458,Graham Ave & Grand St,40.711863,-73.944024,9107
459,Graham Ave & Herbert St,40.71929301,-73.94500379,5662
460,Graham Ave & Withers St,40.7169811,-73.94485918,8406
461,Grand Army Plaza & Central Park S,40.764397100000004,-73.97371465,81876
462,Grand Army Plaza & Plaza St West,40.6729679,-73.97087984,24482
463,Grand Ave & Bergen St,40.678045000000004,-73.962408,4061
464,Grand St & Elizabeth St,40.718821999999996,-73.99596,65901
465,Grand St & Greene St,40.72165481,-74.00234737,34542
466,Grand St & Havemeyer St,40.71286844,-73.95698119,15229
467,Great Jones St,40.72743423,-73.99379025,75681
468,Greene Ave & Nostrand Ave,40.68833370000001,-73.950916,5315
469,Greene Ave & Throop Ave,40.6894932,-73.942061,5848
470,Greenpoint Ave & Manhattan Ave,40.730259999999994,-73.95394,18467
471,Greenwich Ave & 8 Ave,40.7390169121,-74.0026376103,65669
472,Greenwich Ave & Charles St,40.735238,-74.000271,49492
473,Greenwich St & Hubert St,40.721319,-74.010065,17935
474,Greenwich St & W Houston St,40.728846000000004,-74.00859100000001,53153
475,Halsey St & Tompkins Ave,40.682368700000005,-73.944118,7513
476,Hancock St & Bedford Ave,40.68216564,-73.95399026,6666
477,Hanson Pl & Ashland Pl,40.68506807308177,-73.97790759801863,38563
478,Harrison St & Hudson St,40.71870987,-74.0090009,20600
479,Henry St & Atlantic Ave,40.69089272,-73.99612349,18394
480,Henry St & Bay St,40.672505799999996,-74.00494695,1797
481,Henry St & Degraw St,40.684751399999996,-73.99917254,15360
482,Henry St & Grand St,40.714215,-73.981346,32875
483,Henry St & Poplar St,40.700469,-73.991454,11300
484,Henry St & W 9 St,40.67630357634183,-74.00314047932625,387
485,Henry St & W 9 St,40.6763744,-74.00324957,1139
486,Henry St & W 9 St [old],40.6763744,-74.00324957,163
487,Hicks St & Montague St,40.69512845,-73.99595065,21208
488,Hope St & Union Ave,40.71167351,-73.95141312,14314
489,Howard St & Centre St,40.71910537,-73.99973337,40751
490,Hoyt St & Warren St,40.6843549,-73.98901629,5100
491,Hs Don't Use,40.71925170740989,-74.03423398733139,34
492,Hudson St & Reade St,40.71625008,-74.0091059,26982
493,Humboldt St & Varet St,40.7031724,-73.940636,8133
494,Huron St & Franklin St,40.732659999999996,-73.95826,15544
495,India St & Manhattan Ave,40.73232194,-73.9550858,14855
496,India St & West St,40.73181401720966,-73.95995020866394,6070
497,"Industry City, Building 1 Basement",40.65594917783975,-74.00835871696472,233
498,JSQ Don't Use,0.0,0.0,8
499,Jackson Ave & 46 Rd,40.74524768,-73.94733276,5759
500,Jackson St & Leonard St,40.716380319735606,-73.94821286201476,2955
501,Jay St & Tech Pl,40.695065,-73.987167,22049
502,Jay St & York St,40.70140317257725,-73.98672670125961,6367
503,John St & William St,40.70862144,-74.00722156,26728
504,Johnson St & Gold St,40.69474881,-73.98362464,14445
505,Kane St & Clinton St,40.686175799999994,-73.99645295,12142
506,Kent Ave & N 7 St,40.72036775298455,-73.96165072917937,39775
507,Kent Ave & S 11 St,40.7076449441757,-73.96841526031494,18006
508,Kingston Ave & Herkimer St,40.67890679,-73.94142771,5259
509,Kosciuszko St & Nostrand Ave,40.69072549,-73.95133465,5468
510,Kosciuszko St & Tompkins Ave,40.69128258,-73.9452416,6002
511,LPI Facility,0.0,0.0,2
512,LaGuardia Pl & W 3 St,40.72917025,-73.99810231,57107
513,Lafayette Ave & Classon Ave,40.68900443,-73.96023854,13173
514,Lafayette Ave & Fort Greene Pl,40.68691865,-73.976682,16318
515,Lafayette Ave & St James Pl,40.68851534,-73.9647628,15657
516,Lafayette St & E 8 St,40.73020660529954,-73.99102628231049,82771
517,Lafayette St & Jersey St,40.72430527250332,-73.99600982666016,64108
518,Laight St & Hudson St,40.72185379,-74.00771779,12503
519,Lawrence St & Willoughby St,40.69236178,-73.98631746,26485
520,Lefferts Pl & Franklin Ave,40.680342423,-73.9557689392,11088
521,Lenox Ave & W 111 St,40.7987859,-73.9523,10274
522,Lenox Ave & W 115 St,40.8011939,-73.9500739,5738
523,Lenox Ave & W 117 St,40.8025566,-73.9490782,933
524,Lenox Ave & W 126 St,40.808442,-73.94520870000001,6576
525,Lenox Ave & W 130 St,40.8107922,-73.9430681,5113
526,Leonard St & Boerum St,40.70583339,-73.94644578,4621
527,Leonard St & Church St,40.717571,-74.005549,26232
528,Leonard St & Maujer St,40.71036854235229,-73.94705951213838,8782
529,Leonard St & Nassau Ave,40.7239567849954,-73.94984364509583,2697
530,Lewis Ave & Decatur St,40.6814598,-73.934903,3404
531,Lewis Ave & Kosciuszko St,40.69237074,-73.93705428,5364
532,Lewis Ave & Madison St,40.686312,-73.935775,7159
533,Lexington Ave & Classon Ave,40.68676793,-73.95928168,9575
534,Lexington Ave & E 111 St,40.79541210000001,-73.9441232,2808
535,Lexington Ave & E 120 St,40.8013066,-73.93981670000001,1138
536,Lexington Ave & E 127 St,40.805726,-73.936322,750
537,Lexington Ave & E 24 St,40.74025878,-73.98409214,65470
538,Lexington Ave & E 29 St,40.74311555376486,-73.98215353488922,47965
539,Lexington Ave & E 63 St,40.76440023,-73.96648977,15931
540,Liberty St & Broadway,40.70905623,-74.01043382,40061
541,Lincoln Pl & Classon Ave,40.672168299999996,-73.9609,1826
542,Lispenard St & Broadway,40.71939226,-74.00247214,34572
543,Little West St & 1 Pl,40.70569254,-74.01677685,52460
544,Lorimer St & Broadway,40.70411791,-73.94818595,4261
545,MacDougal St & Prince St,40.72710258,-74.00297088,62262
546,MacDougal St & Washington Sq,40.73226398,-73.99852205,35481
547,Macon St & Nostrand Ave,40.6809833854,-73.9500479759,16364
548,Madison Ave & E 120 St,40.80295,-73.942954,1591
549,Madison Ave & E 82 St,40.7781314,-73.96069399,17879
550,Madison Ave & E 99 St,40.78948541553215,-73.9524292945862,8814
551,Madison St & Clinton St,40.71269042,-73.98776323,17873
552,Madison St & Montgomery St,40.713126,-73.984844,17463
553,Maiden Ln & Pearl St,40.70706456,-74.00731853,22014
554,Marcus Garvey Blvd & Macon St,40.682601,-73.938037,5235
555,Marcy Ave & Lafayette Ave,40.6900815,-73.94791500000001,3437
556,Market St & Cherry St,40.71076228,-73.99400398,16587
557,McGuinness Blvd & Eagle St,40.73555,-73.95284000000001,13944
558,McKibbin St & Manhattan Ave,40.70510918,-73.94407279,4624
559,Mercer St & Bleecker St,40.72706363348306,-73.99662137031554,51418
560,Mercer St & Spring St,40.72362738,-73.99949601,35566
561,Meserole Ave & Manhattan Ave,40.72708584,-73.95299117,18757
562,Metropolitan Ave & Bedford Ave,40.71534825,-73.96024116,38399
563,Metropolitan Ave & Meeker Ave,40.71413311,-73.95234386,14855
564,Milton St & Franklin St,40.72906,-73.95779,29242
565,Monroe St & Bedford Ave,40.6851443,-73.95380904,10395
566,Monroe St & Classon Ave,40.684568299999995,-73.95881081,7120
567,Monroe St & Tompkins Ave,40.686203000000006,-73.944694,6556
568,Montgomery St & Franklin Ave,40.666439306870814,-73.96055638790129,477
569,Montgomery St & Franklin Ave OLD,40.6661649,-73.95934840000001,269
570,Montrose Ave & Bushwick Ave,40.70767788,-73.94016171,15170
571,Morningside Ave & W 123 St,40.81,-73.9551508,2933
572,Morningside Dr & Amsterdam Ave,40.81028506306003,-73.95736455917357,1032
573,Mott St & Prince St,40.72317958,-73.99480012,50680
574,Mt Morris Park W & W 120 St,40.804038,-73.945925,3830
575,Murray St & Greenwich St,40.71485150526252,-74.01122331619263,30594
576,Murray St & West St,40.7149787,-74.013012,33368
577,Myrtle Ave & Lewis Ave,40.69681963,-73.93756926,13317
578,Myrtle Ave & Marcy Ave,40.69539817,-73.94954908,6789
579,Myrtle Ave & St Edwards St,40.69327018,-73.97703874,7531
580,N 11 St & Wythe Ave,40.72153267,-73.95782357,11360
581,N 12 St & Bedford Ave,40.72079821,-73.95484712,14690
582,N 15 St & Wythe Ave,40.724055,-73.955736,8247
583,N 6 St & Bedford Ave,40.71745169,-73.95850939,39962
584,N 8 St & Driggs Ave,40.71774592,-73.95600096,30309
585,NYCBS DEPOT - DELANCEY,40.71644423134479,-73.9823305606842,6
586,NYCBS Depot - GOW,40.66906013501107,-73.99463653564453,603
587,NYCBS Depot - PIT,40.716909780459645,-73.98383796215056,12
588,NYCBS Depot - RIS,40.725208,-73.974724,26
589,NYCBS Depot - STY - Garage 4,40.730380100000005,-73.9747502,396
590,NYCBS Depot BAL - DYR,40.759030082196055,-73.9938586950302,2
591,Nassau Ave & Newell St,40.724812564400175,-73.94752621650694,13362
592,Nassau Ave & Russell St,40.725570000000005,-73.94434,16023
593,Nassau St & Navy St,40.69839895,-73.98068914,7144
594,Newton Rd & 44 St,40.7595701,-73.91426779999999,1892
595,Newtown Ave & 23 St,40.7713615,-73.9246145,2542
596,Norfolk St & Broome St,40.7172274,-73.98802084,29047
597,Norman Ave & Leonard St,40.725769967272136,-73.9507395029068,4418
598,Norman Ave & Leonard St - 2,40.725848299999996,-73.95064893,1679
599,North Moore St & Greenwich St,40.72019521437465,-74.0103006362915,10653
600,Nostrand Ave & Myrtle Ave,40.69527008,-73.95238108,3728
601,Old Fulton St,40.70277159,-73.99383605,31267
602,Old Slip & Front St,40.703799200000006,-74.00838676,18624
603,Pacific St & Bedford Ave,40.6777747,-73.9529322,671
604,Pacific St & Classon Ave,40.67919439999999,-73.95879029999999,1750
605,Pacific St & Nevins St,40.6853761,-73.98302136,9279
606,Park Ave & E 124 St,40.8045555,-73.93968609999999,9798
607,Park Ave & Marcus Garvey Blvd,40.698617,-73.941342,3656
608,Park Ave & St Edwards St,40.69608941,-73.97803415,3429
609,Park Pl & Franklin Ave,40.67418060000001,-73.95649470000001,2354
610,Park Pl & Vanderbilt Ave,40.6767,-73.969024,7096
611,Pearl St & Anchorage Pl,40.70281858,-73.98765762,17749
612,Pearl St & Hanover Square,40.7047177,-74.00926027,23826
613,Peck Slip & Front St,40.707873,-74.00166999999999,36690
614,Perry St & Bleecker St,40.73535398,-74.00483091,22012
615,Pershing Square North,40.751872999999996,-73.97770600000001,163962
616,Pershing Square South,40.751581,-73.97791,54871
617,Picnic Point,40.68512559515415,-74.02535319328308,3491
618,Pier 40 - Hudson River Park,40.7277140777778,-74.01129573583603,54858
619,Pike St & E Broadway,40.71406667,-73.99293911,27149
620,Pike St & Monroe St,40.71173107,-73.99193043,17257
621,Pioneer St & Richards St,40.677774799999995,-74.0094613,3014
622,Pioneer St & Van Brunt St,40.679043,-74.011169,7278
623,Pitt St & Stanton St,40.71926081,-73.98178024,9224
624,Plaza St West & Flatbush Ave,40.675020700000005,-73.97111473,21337
625,Pleasant Ave & E 116 St,40.794987899999995,-73.9333349,6786
626,Pleasant Ave & E 120 St,40.7974772,-73.9311847,1223
627,President St & Henry St,40.6828003,-73.99990419,7840
628,Prospect Park - 5 Year Anniversary Celebration,40.66065236872916,-73.9645904302597,72
629,Prospect Park West & 8 St,40.66514681533792,-73.97637605667114,11822
630,Prospect Pl & 6 Ave,40.6793307,-73.97519523,10199
631,Prospect Pl & Underhill Ave,40.6769694,-73.96579,3666
632,Prototype Lab Motivate Headquarters,40.65659567482039,-74.00849282741547,12
633,Pulaski St & Marcus Garvey Blvd,40.693398200000004,-73.939877,3559
634,Putnam Ave & Nostrand Ave,40.684020000000004,-73.94977,5327
635,Putnam Ave & Throop Ave,40.6851532,-73.94111,6245
636,Queens Plaza North & Crescent St,40.75110165,-73.94073717,22583
637,Railroad Ave & Kay Ave,40.70531194,-73.97100056,1763
638,Reade St & Broadway,40.71450451,-74.00562789,25214
639,Reed St & Van Brunt St,40.6747844,-74.01612847,3260
640,Richards St & Delavan St,40.67943270000001,-74.00785041,3185
641,Richardson St & N Henry St,40.71907891179564,-73.94223690032959,11477
642,Riverside Blvd & W 67 St,40.777507027547976,-73.98888587951659,28084
643,Riverside Dr & W 104 St,40.8013434,-73.97114574390001,14133
644,Riverside Dr & W 72 St,40.780577990103346,-73.98562431335448,27099
645,Riverside Dr & W 78 St,40.78414472,-73.98362492,16535
646,Riverside Dr & W 82 St,40.78720869,-73.98128127,17972
647,Riverside Dr & W 89 St,40.791811715010965,-73.9786022901535,2579
648,Riverside Dr & W 91 St,40.793134809866636,-73.97700369358063,8667
649,Rivington St & Chrystie St,40.72110063,-73.99192540000001,29185
650,Rivington St & Ridge St,40.71850211,-73.98329859,19797
651,Roebling St & N 4 St,40.714690000000004,-73.95739,14171
652,Rogers Ave & Sterling St,40.6630619,-73.95387459999999,1410
653,S 3 St & Bedford Ave,40.71260486,-73.96264403,20681
654,S 4 St & Rodney St,40.709340000000005,-73.95608,9830
655,S 4 St & Wythe Ave,40.71285887,-73.96590294,30610
656,S 5 Pl & S 4 St,40.710451,-73.960876,29703
657,S 5 Pl & S 5 St,40.710451,-73.960876,7066
658,S Portland Ave & Hanson Pl,40.68539567,-73.97431458,10668
659,Sands St & Navy St,40.699773,-73.979927,4761
660,Schermerhorn St & 3 Ave,40.68680820503432,-73.98036181926726,8507
661,Schermerhorn St & Bond St,40.68841742754083,-73.98451656103134,11342
662,Schermerhorn St & Court St,40.69102925677968,-73.99183362722397,15884
663,Scholes St & Manhattan Ave,40.70870368,-73.9448625,9201
664,Sigourney St & Columbia St,40.67267243410948,-74.00879524648191,2889
665,Smart Cities Conference,40.71015471094912,-73.98453533649443,74
666,Smith St & 3 St,40.678724200000005,-73.99599099,10112
667,Smith St & 9 St,40.67469570000001,-73.99785768,11274
668,Soissons Landing,40.69231660719192,-74.01486575603484,9234
669,South End Ave & Liberty St,40.711512,-74.01575600000001,75945
670,South St & Gouverneur Ln,40.70355377,-74.00670227,44292
671,South St & Whitehall St,40.70122128,-74.01234218,30948
672,Spruce St & Nassau St,40.71146364,-74.00552427,2114
673,St James Pl & Oliver St,40.71307916,-73.99851193,22909
674,St James Pl & Pearl St,40.71117416,-74.00016545,10669
675,St Johns Pl & Washington Ave,40.6737236,-73.9631611,3994
676,St Marks Pl & 1 Ave,40.72779126,-73.98564945,46743
677,St Marks Pl & 2 Ave,40.7284186,-73.98713956,51078
678,St Nicholas Ave & Manhattan Ave,40.809725,-73.953149,6459
679,St. Nicholas Ave & W 126 St,40.8114323,-73.95187759999999,4251
680,Stagg St & Union Ave,40.70877084,-73.95095259,13065
681,Stanton St & Chrystie St,40.72229346,-73.99147535,45061
682,Stanton St & Mangin St,40.71782143,-73.97628939,15002
683,State St & Smith St,40.68926942,-73.98912867,16492
684,Steinway St & 23 Ave,40.771393700000004,-73.9077436,1656
685,Steinway St & 28 Ave,40.7656251,-73.9136695,2910
686,Sterling Pl & 7 Ave,40.67716489469059,-73.97382795810701,4602
687,Sterling Pl & Bedford Ave,40.672695000000004,-73.954131,2786
688,Sterling St & Bedford Ave,40.6627059,-73.9569115,1134
689,Suffolk St & Stanton St,40.72066442,-73.98517977,47355
690,Sullivan Pl & Bedford Ave,40.6642406,-73.9574686,384
691,Sullivan St & Washington Sq,40.73047747,-73.99906065,48119
692,Throop Ave & Myrtle Ave,40.69622937,-73.94371094,3488
693,Tompkins Ave & Hopkins St,40.69957608,-73.94708417,5379
694,Underhill Ave & Lincoln Pl,40.674012299999994,-73.9671457,5130
695,Underhill Ave & Pacific St,40.6804836,-73.9646795,3987
696,Union Ave & Jackson St,40.7160751,-73.95202900000001,6853
697,Union Ave & N 12 St,40.71924,-73.95241999999999,17274
698,Union Ave & Wallabout St,40.70029511,-73.95032283,3620
699,Union St & 4 Ave,40.6772744,-73.98282002,14193
700,Union St & Bedford Ave,40.6691783,-73.9554162,1266
701,Union St & Nevins St,40.67909799721684,-73.98765474557877,10272
702,University Pl & E 14 St,40.73492695,-73.99200509,77183
703,University Pl & E 8 St,40.73143724085228,-73.99490341544151,45204
704,Van Brunt St & Van Dyke St,40.675832943912894,-74.01472628116608,426
705,Van Brunt St & Wolcott St,40.6773429,-74.01275056,7410
706,Van Dyke St & Van Brunt St,40.67581622522832,-74.01488184928894,2954
707,Vernon Blvd & 10 St,40.7671863,-73.9373554,2457
708,Vernon Blvd & 30 Rd,40.770845,-73.93417099999999,2579
709,Vernon Blvd & 31 Ave,40.7692475,-73.93545040000001,1593
710,Vernon Blvd & 41 Rd,40.7552433,-73.94856779999999,1254
711,Vernon Blvd & 47 Rd,40.7449067,-73.9534573,2707
712,Vernon Blvd & 50 Ave,40.74232744,-73.95411749,24585
713,Verona Pl & Fulton St,40.680356084043396,-73.94767910242079,6371
714,Vesey Pl & River Terrace,40.715337899999994,-74.01658354,63757
715,W 100 St & Broadway,40.797372100000004,-73.97041192,20774
716,W 100 St & Manhattan Ave,40.795,-73.9645,13270
717,W 104 St & Amsterdam Ave,40.798993700000004,-73.96621737779999,10524
718,W 106 St & Amsterdam Ave,40.80083629999999,-73.9664492472,11971
719,W 106 St & Central Park West,40.798185600000004,-73.96059090060001,19674
720,W 107 St & Columbus Ave,40.7997568,-73.9621128676,9123
721,W 11 St & 6 Ave,40.73532427,-73.99800419,32076
722,W 110 St & Amsterdam Ave,40.802692,-73.96295,6666
723,W 113 St & Broadway,40.805973,-73.964928,8117
724,W 116 St & Amsterdam Ave,40.8067581,-73.9607082,7318
725,W 116 St & Broadway,40.8082,-73.9641,8543
726,W 12 St & W 4 St,40.73756121181137,-74.00398269295692,2070
727,W 120 St & Claremont Ave,40.8109494,-73.9634,3237
728,W 129 St & Convent Ave,40.81439443791581,-73.95324736833571,1032
729,W 13 St & 5 Ave,40.73543934,-73.99453948,35929
730,W 13 St & 6 Ave,40.73649403,-73.99704374,43315
731,W 13 St & 7 Ave,40.73781509,-73.99994661,31429
732,W 13 St & Hudson St,40.73997354103409,-74.00513872504234,55609
733,W 15 St & 10 Ave,40.742753828659026,-74.00747358798982,30606
734,W 15 St & 7 Ave,40.73935542,-73.99931783,59961
735,W 16 St & 8 Ave,40.74102150900266,-74.001384973526,15842
736,W 16 St & The High Line,40.74334935,-74.00681753,49534
737,W 17 St & 8 Ave,40.74177603,-74.00149746,23991
738,W 17 St & 9 Ave,40.7429489166009,-74.00413691997528,10861
739,W 18 St & 6 Ave,40.73971301,-73.99456405,74875
740,W 18 St & 9 Ave,40.7435337324616,-74.00367558002472,9889
741,W 20 St & 11 Ave,40.746745000000004,-74.007756,80544
742,W 20 St & 7 Ave,40.74238787,-73.99726235,47600
743,W 20 St & 8 Ave,40.74345335,-74.00004031,41283
744,W 21 St & 6 Ave,40.74173969,-73.99415556,109705
745,W 22 St & 10 Ave,40.74691959,-74.00451887,64728
746,W 22 St & 8 Ave,40.74475148,-73.99915362,57306
747,W 24 St & 7 Ave,40.74487634,-73.99529885,65904
748,W 25 St & 6 Ave,40.74395411,-73.99144871,54770
749,W 26 St & 10 Ave,40.749717753,-74.002950346,36094
750,W 26 St & 8 Ave,40.74734825,-73.99723551,50728
751,W 27 St & 10 Ave,40.750181563256824,-74.00218427181244,50507
752,W 27 St & 7 Ave,40.746646999999996,-73.993915,63344
753,W 31 St & 7 Ave,40.749156,-73.9916,74830
754,W 33 St & 7 Ave,40.75019995,-73.99093085,76713
755,W 34 St & 11 Ave,40.75594159,-74.0021163,38956
756,W 36 St & 9 Ave,40.754623240291046,-73.99516761302948,22916
757,W 37 St & 10 Ave,40.75660359,-73.9979009,43127
758,W 37 St & 5 Ave,40.75038009,-73.98338988,37979
759,W 37 St & Broadway,40.752270938374096,-73.98770570755005,6039
760,W 38 St & 8 Ave,40.75466591,-73.99138152,82282
761,W 39 St & 9 Ave,40.75645824,-73.99372222,2280
762,W 4 St & 7 Ave S,40.73401143,-74.00293877,50156
763,W 41 St & 8 Ave,40.75640548,-73.9900262,88482
764,W 42 St & 8 Ave,40.75756989999999,-73.99098507,47256
765,W 42 St & Dyer Ave,40.75898481399634,-73.99379968643187,45396
766,W 43 St & 10 Ave,40.76009437,-73.99461843,34747
767,W 43 St & 6 Ave,40.75527307,-73.98316936,45294
768,W 44 St & 5 Ave,40.75500254,-73.98014437,42793
769,W 45 St & 6 Ave,40.75668720603179,-73.98257732391356,34672
770,W 45 St & 8 Ave,40.75929124,-73.98859651,50354
771,W 46 St & 11 Ave,40.76341379,-73.99667444,39245
772,W 47 St & 10 Ave,40.76269882,-73.99301222,40416
773,W 49 St & 8 Ave,40.76227205,-73.98788205,58500
774,W 52 St & 11 Ave,40.76727216,-73.99392888,38262
775,W 52 St & 5 Ave,40.75992262,-73.97648516,37447
776,W 52 St & 6 Ave,40.76132983124814,-73.97982001304626,58366
777,W 52 St & 9 Ave,40.76461837,-73.98789473,22014
778,W 53 St & 10 Ave,40.76669671,-73.99061728,37573
779,W 54 St & 9 Ave,40.76584941,-73.98690506,30396
780,W 55 St & 6 Ave,40.76309387270797,-73.97835016250609,43302
781,W 56 St & 10 Ave,40.768254,-73.988639,30016
782,W 59 St & 10 Ave,40.770513,-73.988038,26070
783,W 63 St & Broadway,40.77163851,-73.98261428,46100
784,W 64 St & West End Ave,40.77452835,-73.98753759,18324
785,W 67 St & Broadway,40.77492513,-73.98266566,41911
786,W 70 St & Amsterdam Ave,40.77748046,-73.98288594,26552
787,W 74 St & Columbus Ave,40.7785669,-73.97754961,19275
788,W 76 St & Columbus Ave,40.7801839724239,-73.97728532552719,28913
789,W 78 St & Broadway,40.78339981,-73.98093133,21426
790,W 82 St & Central Park West,40.78275,-73.97137,24815
791,W 84 St & Broadway,40.7867947,-73.977112,23282
792,W 84 St & Columbus Ave,40.78499979,-73.97283406,25591
793,W 87 St  & Amsterdam Ave,40.78839,-73.9747,8038
794,W 87 St & Amsterdam Ave,40.78839,-73.9747,11272
795,W 88 St & West End Ave,40.790254173304184,-73.97718340158461,14324
796,W 89 St & Columbus Ave,40.7882213,-73.97041561,21247
797,W 90 St & Amsterdam Ave,40.79017948095081,-73.97288918495178,13450
798,W 92 St & Broadway,40.7921,-73.9739,17959
799,W 95 St & Broadway,40.7937704,-73.971888,23128
800,W Broadway & Spring St,40.72490985,-74.00154702,14495
801,W Broadway & Spring Street,40.72494672359416,-74.00165855884552,24212
802,WS Don't Use,0.0,0.0,30
803,Warren St & Church St,40.71473993,-74.00910627,19873
804,Warren St & Court St,40.686371,-73.99383324,12106
805,Washington Ave & Greene Ave,40.68650065,-73.96563307,9754
806,Washington Ave & Park Ave,40.69610226,-73.96751037,12973
807,Washington Park,40.6917823,-73.97372990000001,11831
808,Washington Pl & 6 Ave,40.73224119,-74.00026394,31718
809,Washington Pl & Broadway,40.72903917,-73.99404649,40898
810,Washington St & Gansevoort St,40.739323,-74.008119,59611
811,Water - Whitehall Plaza,40.70255065,-74.0127234,19100
812,Watts St & Greenwich St,40.72405549,-74.00965965,37651
813,West Drive & Prospect Park West,40.6610633719006,-73.97945255041121,23808
814,West End Ave & W 107 St,40.8021174,-73.9681805305,11087
815,West End Ave & W 94 St,40.7941654,-73.974124,14880
816,West St & Chambers St,40.71754834,-74.01322069,103408
817,West Thames St,40.70834698,-74.01713445,39287
818,William St & Pine St,40.70717936,-74.00887308,21241
819,Willoughby Ave & Hall St,40.69196035,-73.96536851,15628
820,Willoughby Ave & Tompkins Ave,40.69425403,-73.94626915,4886
821,Willoughby Ave & Walworth St,40.69331716,-73.95381995,5059
822,Willoughby St & Fleet St,40.69196566,-73.9813018,24845
823,Wolcott St & Dwight St,40.6753274,-74.0100698,2458
824,Wyckoff St & 3 Ave,40.6827549,-73.98258555,7698
825,Wythe Ave & Metropolitan Ave,40.716887,-73.96319799999999,32585
826,Yankee Ferry Terminal,40.686931,-74.016966,8264
827,York St & Jay St,40.7014851,-73.98656928,24805
